"categoryID1","categoryName1","categoryID2","categoryName2","categoryID3","categoryName3","categoryID4","categoryName4"
"0","FZMC","0","DLMC","0","ZLMC","0","XLMC"
"10","烟酒纯鲜奶","10","烟","1","香烟","1","进口烟"
"10","烟酒纯鲜奶","10","烟","1","香烟","3","杭产烟"
"10","烟酒纯鲜奶","10","烟","1","香烟","4","省外烟"
"10","烟酒纯鲜奶","11","酒","1","礼盒酒","1","礼盒装名酒"
"10","烟酒纯鲜奶","11","酒","1","礼盒酒","2","礼盒装普通白酒"
"10","烟酒纯鲜奶","11","酒","1","礼盒酒","3","礼盒装葡萄酒"
"10","烟酒纯鲜奶","11","酒","1","礼盒酒","4","礼盒装黄酒"
"10","烟酒纯鲜奶","11","酒","1","礼盒酒","5","礼盒装滋补酒"
"10","烟酒纯鲜奶","11","酒","1","礼盒酒","6","礼盒装进口酒"
"10","烟酒纯鲜奶","11","酒","1","礼盒酒","7","礼盒果酒"
"10","烟酒纯鲜奶","11","酒","2","名酒","1","茅台酒"
"10","烟酒纯鲜奶","11","酒","2","名酒","2","五粮液"
"10","烟酒纯鲜奶","11","酒","2","名酒","3","剑南春"
"10","烟酒纯鲜奶","11","酒","2","名酒","4","郎酒"
"10","烟酒纯鲜奶","11","酒","2","名酒","6","水井坊"
"10","烟酒纯鲜奶","11","酒","3","盒装白酒","1","低度"
"10","烟酒纯鲜奶","11","酒","3","盒装白酒","2","中度"
"10","烟酒纯鲜奶","11","酒","3","盒装白酒","3","高度"
"10","烟酒纯鲜奶","11","酒","4","简装白酒","1","瓶装低度白酒"
"10","烟酒纯鲜奶","11","酒","4","简装白酒","2","瓶装中度白酒"
"10","烟酒纯鲜奶","11","酒","4","简装白酒","3","瓶装高度白酒"
"10","烟酒纯鲜奶","11","酒","4","简装白酒","4","桶装低度白酒"
"10","烟酒纯鲜奶","11","酒","4","简装白酒","5","桶装中度白酒"
"10","烟酒纯鲜奶","11","酒","4","简装白酒","6","桶装高度白酒"
"10","烟酒纯鲜奶","11","酒","5","葡萄酒、果酒、香槟酒","1","干红葡萄酒"
"10","烟酒纯鲜奶","11","酒","5","葡萄酒、果酒、香槟酒","2","全汁红葡萄酒"
"10","烟酒纯鲜奶","11","酒","5","葡萄酒、果酒、香槟酒","3","干白葡萄酒"
"10","烟酒纯鲜奶","11","酒","5","葡萄酒、果酒、香槟酒","4","全汁白葡萄酒"
"10","烟酒纯鲜奶","11","酒","5","葡萄酒、果酒、香槟酒","5","进口葡萄酒"
"10","烟酒纯鲜奶","11","酒","5","葡萄酒、果酒、香槟酒","7","果酒"
"10","烟酒纯鲜奶","11","酒","5","葡萄酒、果酒、香槟酒","8","香槟酒"
"10","烟酒纯鲜奶","11","酒","5","葡萄酒、果酒、香槟酒","9","国产白兰地"
"10","烟酒纯鲜奶","11","酒","6","啤酒","1","罐装啤酒"
"10","烟酒纯鲜奶","11","酒","6","啤酒","2","大瓶装啤酒"
"10","烟酒纯鲜奶","11","酒","6","啤酒","3","小瓶装啤酒"
"10","烟酒纯鲜奶","11","酒","6","啤酒","4","桶装啤酒"
"10","烟酒纯鲜奶","11","酒","7","黄酒、米酒","1","陈年黄酒"
"10","烟酒纯鲜奶","11","酒","7","黄酒、米酒","2","三年陈"
"10","烟酒纯鲜奶","11","酒","7","黄酒、米酒","3","五年陈"
"10","烟酒纯鲜奶","11","酒","7","黄酒、米酒","4","八年及以上"
"10","烟酒纯鲜奶","11","酒","7","黄酒、米酒","5","白米酒"
"10","烟酒纯鲜奶","11","酒","7","黄酒、米酒","6","黑米酒"
"10","烟酒纯鲜奶","11","酒","7","黄酒、米酒","7","酒酿类米酒"
"10","烟酒纯鲜奶","11","酒","8","滋补酒","1","普通盒装滋补酒"
"10","烟酒纯鲜奶","11","酒","8","滋补酒","2","简装滋补酒"
"10","烟酒纯鲜奶","11","酒","9","进口酒","6","其他"
"10","烟酒纯鲜奶","11","酒","9","进口酒","7","洋酒柜(专柜)"
"10","烟酒纯鲜奶","12","饮料","1","可乐","1","大可乐"
"10","烟酒纯鲜奶","12","饮料","1","可乐","2","中可乐"
"10","烟酒纯鲜奶","12","饮料","1","可乐","3","小可乐"
"10","烟酒纯鲜奶","12","饮料","1","可乐","4","罐装可乐"
"10","烟酒纯鲜奶","12","饮料","1","可乐","5","促销装可乐"
"10","烟酒纯鲜奶","12","饮料","1","可乐","6","加料可乐"
"10","烟酒纯鲜奶","12","饮料","2","汽水","1","大汽水"
"10","烟酒纯鲜奶","12","饮料","2","汽水","2","中汽水"
"10","烟酒纯鲜奶","12","饮料","2","汽水","3","小汽水"
"10","烟酒纯鲜奶","12","饮料","2","汽水","4","罐装汽水"
"10","烟酒纯鲜奶","12","饮料","2","汽水","5","促销装汽水"
"10","烟酒纯鲜奶","12","饮料","3","果味汽水","1","橙味"
"10","烟酒纯鲜奶","12","饮料","3","果味汽水","2","苹果味"
"10","烟酒纯鲜奶","12","饮料","3","果味汽水","3","西瓜味"
"10","烟酒纯鲜奶","12","饮料","3","果味汽水","7","其它果味"
"10","烟酒纯鲜奶","12","饮料","4","运动健康饮料","1","运动饮料"
"10","烟酒纯鲜奶","12","饮料","4","运动健康饮料","2","健康饮料"
"10","烟酒纯鲜奶","12","饮料","4","运动健康饮料","3","咖啡饮料"
"10","烟酒纯鲜奶","12","饮料","5","果汁饮料","1","椰子饮料"
"10","烟酒纯鲜奶","12","饮料","5","果汁饮料","2","橙汁饮料"
"10","烟酒纯鲜奶","12","饮料","5","果汁饮料","3","苹果饮料"
"10","烟酒纯鲜奶","12","饮料","5","果汁饮料","4","杏仁饮料"
"10","烟酒纯鲜奶","12","饮料","5","果汁饮料","6","菠萝饮料"
"10","烟酒纯鲜奶","12","饮料","5","果汁饮料","7","桃饮料"
"10","烟酒纯鲜奶","12","饮料","5","果汁饮料","8","芒果饮料"
"10","烟酒纯鲜奶","12","饮料","5","果汁饮料","9","葡萄饮料"
"10","烟酒纯鲜奶","12","饮料","5","果汁饮料","11","梅饮料"
"10","烟酒纯鲜奶","12","饮料","5","果汁饮料","13","柠檬饮料"
"10","烟酒纯鲜奶","12","饮料","5","果汁饮料","14","其他果汁饮料"
"10","烟酒纯鲜奶","12","饮料","6","菜汁饮料","1","冬瓜汁"
"10","烟酒纯鲜奶","12","饮料","6","菜汁饮料","3","萝卜汁"
"10","烟酒纯鲜奶","12","饮料","6","菜汁饮料","4","蕃茄汁"
"10","烟酒纯鲜奶","12","饮料","6","菜汁饮料","5","蔬菜汁"
"10","烟酒纯鲜奶","12","饮料","7","饮用水","1","小矿泉水"
"10","烟酒纯鲜奶","12","饮料","7","饮用水","2","大矿泉水"
"10","烟酒纯鲜奶","12","饮料","7","饮用水","3","小纯净水"
"10","烟酒纯鲜奶","12","饮料","7","饮用水","4","大纯净水"
"10","烟酒纯鲜奶","12","饮料","7","饮用水","5","果味水"
"10","烟酒纯鲜奶","12","饮料","7","饮用水","6","碳酸水"
"10","烟酒纯鲜奶","12","饮料","8","茶饮料","2","红茶"
"10","烟酒纯鲜奶","12","饮料","8","茶饮料","3","绿茶"
"10","烟酒纯鲜奶","12","饮料","8","茶饮料","4","花茶"
"10","烟酒纯鲜奶","12","饮料","8","茶饮料","5","果味茶"
"10","烟酒纯鲜奶","12","饮料","8","茶饮料","6","奶茶"
"10","烟酒纯鲜奶","12","饮料","8","茶饮料","7","其他茶饮料"
"10","烟酒纯鲜奶","13","高温奶及含乳饮料","1","含乳饮料","1","钙奶"
"10","烟酒纯鲜奶","13","高温奶及含乳饮料","1","含乳饮料","2","果奶"
"10","烟酒纯鲜奶","13","高温奶及含乳饮料","1","含乳饮料","4","豆奶"
"10","烟酒纯鲜奶","13","高温奶及含乳饮料","1","含乳饮料","5","其他含乳饮料"
"10","烟酒纯鲜奶","13","高温奶及含乳饮料","2","高温奶","1","小纯牛奶"
"10","烟酒纯鲜奶","13","高温奶及含乳饮料","2","高温奶","3","大纯牛奶"
"10","烟酒纯鲜奶","13","高温奶及含乳饮料","2","高温奶","4","甜纯牛奶"
"10","烟酒纯鲜奶","13","高温奶及含乳饮料","2","高温奶","5","酸牛奶"
"10","烟酒纯鲜奶","13","高温奶及含乳饮料","2","高温奶","6","强化奶"
"10","烟酒纯鲜奶","13","高温奶及含乳饮料","2","高温奶","7","其他牛奶"
"10","烟酒纯鲜奶","13","高温奶及含乳饮料","2","高温奶","8","儿童奶"
"20","保健","21","保健品","1","参制品","1","人参礼盒"
"20","保健","21","保健品","1","参制品","2","洋参丸"
"20","保健","21","保健品","1","参制品","3","洋参含片"
"20","保健","21","保健品","1","参制品","5","洋参口服液"
"20","保健","21","保健品","2","儿童保健品","4","补血"
"20","保健","21","保健品","2","儿童保健品","5","开胃"
"20","保健","21","保健品","2","儿童保健品","6","其他"
"20","保健","21","保健品","3","女性保健品","1","女性保健礼盒"
"20","保健","21","保健品","3","女性保健品","3","美容"
"20","保健","21","保健品","3","女性保健品","5","减肥"
"20","保健","21","保健品","3","女性保健品","9","其他"
"20","保健","21","保健品","4","男性保健品","1","男性保健礼盒"
"20","保健","21","保健品","4","男性保健品","3","抗疲劳"
"20","保健","21","保健品","5","老年保健品","1","老年保健礼盒"
"20","保健","21","保健品","5","老年保健品","2","降脂"
"20","保健","21","保健品","5","老年保健品","4","抗衰老"
"20","保健","21","保健品","5","老年保健品","5","壮骨"
"20","保健","21","保健品","5","老年保健品","6","其他"
"20","保健","21","保健品","6","其他保健用品","1","其他保健礼盒"
"20","保健","21","保健品","6","其他保健用品","2","改善睡眠"
"20","保健","21","保健品","6","其他保健用品","3","补血"
"20","保健","21","保健品","6","其他保健用品","4","补脑"
"20","保健","21","保健品","6","其他保健用品","6","营养素"
"20","保健","21","保健品","6","其他保健用品","7","排毒"
"20","保健","21","保健品","6","其他保健用品","10","其他"
"20","保健","22","冲调食品","1","茶","1","茶礼盒"
"20","保健","22","冲调食品","1","茶","2","绿茶"
"20","保健","22","冲调食品","1","茶","3","红茶"
"20","保健","22","冲调食品","1","茶","4","花茶"
"20","保健","22","冲调食品","1","茶","5","水果茶"
"20","保健","22","冲调食品","1","茶","6","茶包"
"20","保健","22","冲调食品","1","茶","7","减肥茶"
"20","保健","22","冲调食品","1","茶","8","保健功能茶"
"20","保健","22","冲调食品","1","茶","9","其他茶"
"20","保健","22","冲调食品","1","茶","10","散装(专柜)"
"20","保健","22","冲调食品","2","咖啡、巧克力","1","咖啡礼盒"
"20","保健","22","冲调食品","2","咖啡、巧克力","2","速溶咖啡"
"20","保健","22","冲调食品","2","咖啡、巧克力","4","三合一咖啡"
"20","保健","22","冲调食品","2","咖啡、巧克力","5","其他咖啡"
"20","保健","22","冲调食品","2","咖啡、巧克力","6","伴侣"
"20","保健","22","冲调食品","2","咖啡、巧克力","9","冲调用糖"
"20","保健","22","冲调食品","3","麦类饮品","1","麦类礼盒"
"20","保健","22","冲调食品","3","麦类饮品","2","普通麦片"
"20","保健","22","冲调食品","3","麦类饮品","3","加强麦片"
"20","保健","22","冲调食品","3","麦类饮品","4","低糖、无糖麦片"
"20","保健","22","冲调食品","3","麦类饮品","5","其他麦片"
"20","保健","22","冲调食品","3","麦类饮品","6","麦精"
"20","保健","22","冲调食品","3","麦类饮品","7","其他麦类饮品"
"20","保健","22","冲调食品","4","豆、谷、果、菜类饮品","1","豆谷类礼盒"
"20","保健","22","冲调食品","4","豆、谷、果、菜类饮品","2","豆奶"
"20","保健","22","冲调食品","4","豆、谷、果、菜类饮品","3","豆浆"
"20","保健","22","冲调食品","4","豆、谷、果、菜类饮品","4","藕粉"
"20","保健","22","冲调食品","4","豆、谷、果、菜类饮品","5","芝麻糊"
"20","保健","22","冲调食品","4","豆、谷、果、菜类饮品","6","玉米糊"
"20","保健","22","冲调食品","4","豆、谷、果、菜类饮品","7","果菜粉"
"20","保健","22","冲调食品","4","豆、谷、果、菜类饮品","8","其他"
"20","保健","22","冲调食品","5","其他饮品","1","其他饮品礼盒"
"20","保健","22","冲调食品","5","其他饮品","2","葡萄糖"
"20","保健","22","冲调食品","5","其他饮品","3","蜂蜜"
"20","保健","22","冲调食品","6","婴儿食品","2","婴儿奶粉"
"20","保健","22","冲调食品","6","婴儿食品","3","婴儿米粉"
"20","保健","22","冲调食品","6","婴儿食品","4","婴儿奶糕"
"20","保健","22","冲调食品","6","婴儿食品","5","婴儿糕饼"
"20","保健","22","冲调食品","6","婴儿食品","6","婴儿果、菜泥、汁"
"20","保健","22","冲调食品","6","婴儿食品","7","婴儿鱼、肉泥、汁"
"20","保健","22","冲调食品","6","婴儿食品","8","其他婴儿食品"
"20","保健","22","冲调食品","7","奶粉","1","幼儿奶粉"
"20","保健","22","冲调食品","7","奶粉","2","儿童奶粉"
"20","保健","22","冲调食品","7","奶粉","3","孕妇奶粉"
"20","保健","22","冲调食品","7","奶粉","4","全脂奶粉"
"20","保健","22","冲调食品","7","奶粉","6","营养奶粉"
"20","保健","22","冲调食品","7","奶粉","8","奶粉伴侣"
"20","保健","22","冲调食品","7","奶粉","9","其他奶粉"
"20","保健","23","乙类OTC","4","维生素与矿物质类药","1","维生素补充类用药"
"20","保健","23","乙类OTC","5","滋补类","2","保健类"
"30","饼干","31","饼干糕饼","1","甜饼干","1","饼干礼盒"
"30","饼干","31","饼干糕饼","1","甜饼干","2","大包装甜饼干"
"30","饼干","31","饼干糕饼","1","甜饼干","3","什锦饼干"
"30","饼干","31","饼干糕饼","1","甜饼干","4","夹心饼干"
"30","饼干","31","饼干糕饼","1","甜饼干","5","儿童饼干"
"30","饼干","31","饼干糕饼","1","甜饼干","6","曲奇"
"30","饼干","31","饼干糕饼","1","甜饼干","7","威化"
"30","饼干","31","饼干糕饼","1","甜饼干","8","巧克力"
"30","饼干","31","饼干糕饼","1","甜饼干","10","其他甜饼干"
"30","饼干","31","饼干糕饼","2","咸饼干","1","大包装咸饼干"
"30","饼干","31","饼干糕饼","2","咸饼干","2","梳打饼干"
"30","饼干","31","饼干糕饼","2","咸饼干","3","蔬菜咸饼干"
"30","饼干","31","饼干糕饼","2","咸饼干","4","薄脆咸饼干"
"30","饼干","31","饼干糕饼","2","咸饼干","5","其他咸饼干"
"30","饼干","31","饼干糕饼","3","其化饼干","1","蛋卷"
"30","饼干","31","饼干糕饼","3","其化饼干","2","酥类"
"30","饼干","31","饼干糕饼","3","其化饼干","4","煎饼"
"30","饼干","31","饼干糕饼","4","蛋糕","1","蛋糕礼盒"
"30","饼干","31","饼干糕饼","4","蛋糕","2","大包装蛋糕"
"30","饼干","31","饼干糕饼","4","蛋糕","3","巧克力蛋糕"
"30","饼干","31","饼干糕饼","4","蛋糕","4","水果蛋糕"
"30","饼干","31","饼干糕饼","4","蛋糕","5","奶油蛋糕"
"30","饼干","31","饼干糕饼","4","蛋糕","6","夹心蛋糕"
"30","饼干","31","饼干糕饼","4","蛋糕","7","其他蛋糕"
"30","饼干","31","饼干糕饼","5","糕饼","1","糕饼礼盒"
"30","饼干","31","饼干糕饼","5","糕饼","2","沙琪玛"
"30","饼干","31","饼干糕饼","5","糕饼","3","酥"
"30","饼干","31","饼干糕饼","5","糕饼","4","糕"
"30","饼干","31","饼干糕饼","5","糕饼","5","饼"
"30","饼干","31","饼干糕饼","5","糕饼","7","其他"
"30","饼干","31","饼干糕饼","6","散装饼干糕饼","1","散装饼干"
"30","饼干","31","饼干糕饼","6","散装饼干糕饼","2","散装糕饼"
"30","饼干","31","饼干糕饼","7","季节性商品","1","月饼礼盒"
"30","饼干","31","饼干糕饼","7","季节性商品","2","简装月饼"
"30","饼干","31","饼干糕饼","7","季节性商品","3","散装月饼"
"30","饼干","32","糖果巧克力","1","糖果","1","糖果礼盒"
"30","饼干","32","糖果巧克力","1","糖果","3","软糖"
"30","饼干","32","糖果巧克力","1","糖果","4","奶糖"
"30","饼干","32","糖果巧克力","1","糖果","5","夹心糖"
"30","饼干","32","糖果巧克力","1","糖果","6","硬糖"
"30","饼干","32","糖果巧克力","1","糖果","7","什锦糖"
"30","饼干","32","糖果巧克力","1","糖果","8","棉花糖"
"30","饼干","32","糖果巧克力","1","糖果","9","润喉糖"
"30","饼干","32","糖果巧克力","1","糖果","10","口香糖"
"30","饼干","32","糖果巧克力","1","糖果","11","玩具糖"
"30","饼干","32","糖果巧克力","1","糖果","13","大包装糖果"
"30","饼干","32","糖果巧克力","1","糖果","14","其他糖果"
"30","饼干","32","糖果巧克力","2","巧克力","1","巧克力礼盒"
"30","饼干","32","糖果巧克力","2","巧克力","2","纯巧克力块"
"30","饼干","32","糖果巧克力","2","巧克力","3","威化巧克力块"
"30","饼干","32","糖果巧克力","2","巧克力","4","花色巧克力块"
"30","饼干","32","糖果巧克力","2","巧克力","5","袋装纯巧克力"
"30","饼干","32","糖果巧克力","2","巧克力","7","袋装花色巧克力"
"30","饼干","32","糖果巧克力","2","巧克力","8","糖果巧克力"
"30","饼干","32","糖果巧克力","2","巧克力","10","巧克力豆"
"30","饼干","32","糖果巧克力","2","巧克力","11","大包装巧克力"
"30","饼干","32","糖果巧克力","2","巧克力","12","其他巧克力"
"30","饼干","32","糖果巧克力","3","散装糖果、巧克力","1","散装糖果"
"30","饼干","32","糖果巧克力","3","散装糖果、巧克力","2","散装巧克力"
"30","饼干","33","休闲食品","1","炒货","1","炒货礼盒"
"30","饼干","33","休闲食品","1","炒货","2","西瓜子"
"30","饼干","33","休闲食品","1","炒货","3","葵瓜子"
"30","饼干","33","休闲食品","1","炒货","4","南瓜子"
"30","饼干","33","休闲食品","1","炒货","5","其他瓜子"
"30","饼干","33","休闲食品","1","炒货","6","花生"
"30","饼干","33","休闲食品","1","炒货","7","花生米"
"30","饼干","33","休闲食品","1","炒货","8","核桃"
"30","饼干","33","休闲食品","1","炒货","9","豆子"
"30","饼干","33","休闲食品","1","炒货","10","松子"
"30","饼干","33","休闲食品","1","炒货","11","开心果"
"30","饼干","33","休闲食品","1","炒货","12","其他炒货"
"30","饼干","33","休闲食品","1","炒货","13","大包装炒货"
"30","饼干","33","休闲食品","2","凉果、蜜饯","2","梅"
"30","饼干","33","休闲食品","2","凉果、蜜饯","3","榄"
"30","饼干","33","休闲食品","2","凉果、蜜饯","4","山楂"
"30","饼干","33","休闲食品","2","凉果、蜜饯","5","桃"
"30","饼干","33","休闲食品","2","凉果、蜜饯","6","李"
"30","饼干","33","休闲食品","2","凉果、蜜饯","8","葡萄"
"30","饼干","33","休闲食品","2","凉果、蜜饯","10","其他凉果"
"30","饼干","33","休闲食品","2","凉果、蜜饯","11","袋装蜜饯"
"30","饼干","33","休闲食品","3","果冻","1","果冻礼盒"
"30","饼干","33","休闲食品","3","果冻","2","普通果冻"
"30","饼干","33","休闲食品","3","果冻","3","果冻条"
"30","饼干","33","休闲食品","3","果冻","4","其他果冻"
"30","饼干","33","休闲食品","3","果冻","5","果爽"
"30","饼干","33","休闲食品","3","果冻","6","布丁"
"30","饼干","33","休闲食品","3","果冻","7","大包装果冻"
"30","饼干","33","休闲食品","4","膨化食品","1","膨化礼盒"
"30","饼干","33","休闲食品","4","膨化食品","2","薯片（条）"
"30","饼干","33","休闲食品","4","膨化食品","3","膨化米制品"
"30","饼干","33","休闲食品","4","膨化食品","4","膨化豆制品"
"30","饼干","33","休闲食品","4","膨化食品","5","膨化玉米制品"
"30","饼干","33","休闲食品","4","膨化食品","6","膨化小麦制品"
"30","饼干","33","休闲食品","4","膨化食品","9","膨化促销装"
"30","饼干","33","休闲食品","5","休闲肉类小食","1","休闲小食品礼盒"
"30","饼干","33","休闲食品","5","休闲肉类小食","2","鸡翅（爪）"
"30","饼干","33","休闲食品","5","休闲肉类小食","3","鸡腿"
"30","饼干","33","休闲食品","5","休闲肉类小食","4","其他"
"30","饼干","33","休闲食品","5","休闲肉类小食","5","蛋"
"30","饼干","33","休闲食品","5","休闲肉类小食","6","牛肉干（粒）"
"30","饼干","33","休闲食品","5","休闲肉类小食","7","牛肉丝"
"30","饼干","33","休闲食品","5","休闲肉类小食","9","猪肉丝"
"30","饼干","33","休闲食品","5","休闲肉类小食","10","猪肉脯"
"30","饼干","33","休闲食品","5","休闲肉类小食","11","其他肉类小食"
"30","饼干","33","休闲食品","6","休闲水产小食","1","鱼丝"
"30","饼干","33","休闲食品","6","休闲水产小食","2","鱼干"
"30","饼干","33","休闲食品","6","休闲水产小食","3","虾干"
"30","饼干","33","休闲食品","6","休闲水产小食","5","海苔小食"
"30","饼干","33","休闲食品","6","休闲水产小食","6","其他水产小食"
"30","饼干","33","休闲食品","7","休闲土产小食","1","豆干"
"30","饼干","33","休闲食品","7","休闲土产小食","2","笋干"
"30","饼干","33","休闲食品","7","休闲土产小食","4","脱水水果片"
"30","饼干","33","休闲食品","7","休闲土产小食","5","其他休闲土产小食"
"30","饼干","33","休闲食品","8","散装休闲食品","1","散装炒货"
"30","饼干","33","休闲食品","8","散装休闲食品","4","散装果冻"
"30","饼干","33","休闲食品","8","散装休闲食品","5","散装膨化食品"
"30","饼干","33","休闲食品","8","散装休闲食品","6","散装休闲肉制品"
"40","粮油","42","调味品","1","调味油","1","袋装酱油"
"40","粮油","42","调味品","1","调味油","2","桶装酱油"
"40","粮油","42","调味品","1","调味油","3","瓶装酱油"
"40","粮油","42","调味品","1","调味油","4","调味酒"
"40","粮油","42","调味品","1","调味油","5","袋装醋"
"40","粮油","42","调味品","1","调味油","6","瓶装醋"
"40","粮油","42","调味品","1","调味油","7","芝麻油"
"40","粮油","42","调味品","1","调味油","8","辣椒油"
"40","粮油","42","调味品","1","调味油","10","其他调味油"
"40","粮油","42","调味品","2","调味酱","1","辣椒酱"
"40","粮油","42","调味品","2","调味酱","2","肉酱"
"40","粮油","42","调味品","2","调味酱","3","海鲜酱"
"40","粮油","42","调味品","2","调味酱","4","豆豉酱"
"40","粮油","42","调味品","2","调味酱","5","沙司/蕃茄酱"
"40","粮油","42","调味品","2","调味酱","6","色拉酱"
"40","粮油","42","调味品","2","调味酱","7","其他调味酱"
"40","粮油","42","调味品","2","调味酱","8","花生酱"
"40","粮油","42","调味品","2","调味酱","9","豆板酱"
"40","粮油","42","调味品","2","调味酱","10","火锅料"
"40","粮油","42","调味品","2","调味酱","11","芥茉"
"40","粮油","42","调味品","2","调味酱","12","雪菜汁"
"40","粮油","42","调味品","2","调味酱","13","乳腐汁"
"40","粮油","42","调味品","2","调味酱","14","其他调味汁"
"40","粮油","42","调味品","3","盐、味精","1","盐"
"40","粮油","42","调味品","3","盐、味精","2","80°味精"
"40","粮油","42","调味品","3","盐、味精","3","99°味精"
"40","粮油","42","调味品","3","盐、味精","4","花色味精"
"40","粮油","42","调味品","3","盐、味精","5","鸡精（粉）"
"40","粮油","42","调味品","3","盐、味精","6","其他调味素"
"40","粮油","42","调味品","4","调味粉、料","1","炸粉料"
"40","粮油","42","调味品","4","调味粉、料","2","袋装调味粉"
"40","粮油","42","调味品","4","调味粉、料","3","瓶装调味粉"
"40","粮油","42","调味品","4","调味粉、料","4","烹饪用粉"
"40","粮油","42","调味品","4","调味粉、料","5","其他调味粉"
"40","粮油","42","调味品","4","调味粉、料","6","调味佐料"
"40","粮油","43","佐餐食品","1","腌渍酱品","1","袋装榨菜"
"40","粮油","43","佐餐食品","1","腌渍酱品","2","袋装雪菜"
"40","粮油","43","佐餐食品","1","腌渍酱品","3","袋装其他酱菜"
"40","粮油","43","佐餐食品","1","腌渍酱品","4","瓶装酱菜"
"40","粮油","43","佐餐食品","1","腌渍酱品","5","冷盘菜"
"40","粮油","43","佐餐食品","1","腌渍酱品","6","白腐乳"
"40","粮油","43","佐餐食品","1","腌渍酱品","7","辣腐乳"
"40","粮油","43","佐餐食品","1","腌渍酱品","8","其他腐乳"
"40","粮油","43","佐餐食品","2","罐头食品","1","蔬菜罐头"
"40","粮油","43","佐餐食品","2","罐头食品","2","水果罐头"
"40","粮油","43","佐餐食品","2","罐头食品","3","鱼类罐头"
"40","粮油","43","佐餐食品","2","罐头食品","4","肉类罐头"
"40","粮油","43","佐餐食品","2","罐头食品","5","其他罐头"
"40","粮油","43","佐餐食品","3","调理汤料","1","速食汤类"
"40","粮油","43","佐餐食品","3","调理汤料","2","其他汤类"
"40","粮油","43","佐餐食品","3","调理汤料","3","副食调理"
"40","粮油","43","佐餐食品","3","调理汤料","4","其他调理"
"40","粮油","43","佐餐食品","4","加工肉禽蛋","1","禽品"
"40","粮油","43","佐餐食品","4","加工肉禽蛋","2","肉品"
"40","粮油","43","佐餐食品","4","加工肉禽蛋","3","单支火腿肠"
"40","粮油","43","佐餐食品","4","加工肉禽蛋","4","袋装火腿肠"
"40","粮油","43","佐餐食品","4","加工肉禽蛋","9","腌腊禽制品"
"40","粮油","44","食用油","1","色拉油","1","大色拉油"
"40","粮油","44","食用油","1","色拉油","2","中色拉油"
"40","粮油","44","食用油","1","色拉油","3","小色拉油"
"40","粮油","44","食用油","2","调和油","1","大调和油"
"40","粮油","44","食用油","2","调和油","2","中调和油"
"40","粮油","44","食用油","2","调和油","3","小调和油"
"40","粮油","44","食用油","3","其他油","1","花生油"
"40","粮油","44","食用油","3","其他油","2","粟米油"
"40","粮油","44","食用油","3","其他油","3","葵花籽油"
"40","粮油","44","食用油","3","其他油","4","菜子油"
"40","粮油","44","食用油","3","其他油","5","茶油"
"40","粮油","44","食用油","3","其他油","6","橄榄油"
"40","粮油","44","食用油","3","其他油","7","其他油"
"40","粮油","45","面食","1","其他粮食","1","面粉"
"40","粮油","45","面食","1","其他粮食","2","米粉"
"40","粮油","45","面食","1","其他粮食","3","其他粉"
"40","粮油","45","面食","1","其他粮食","4","馅"
"40","粮油","45","面食","2","面条、米线、粽子","1","无料面"
"40","粮油","45","面食","2","面条、米线、粽子","2","加料面"
"40","粮油","45","面食","2","面条、米线、粽子","3","其他面"
"40","粮油","45","面食","2","面条、米线、粽子","4","粽子"
"40","粮油","45","面食","3","方便面","1","肉类袋面"
"40","粮油","45","面食","3","方便面","2","海鲜袋面"
"40","粮油","45","面食","3","方便面","3","辣味袋面"
"40","粮油","45","面食","3","方便面","4","其他袋面"
"40","粮油","45","面食","3","方便面","5","干脆面"
"40","粮油","45","面食","3","方便面","6","肉类碗面"
"40","粮油","45","面食","3","方便面","7","海鲜碗面"
"40","粮油","45","面食","3","方便面","8","辣味碗面"
"40","粮油","45","面食","3","方便面","9","其他碗面"
"40","粮油","45","面食","3","方便面","10","杯面"
"40","粮油","45","面食","3","方便面","11","袋装米线"
"40","粮油","45","面食","3","方便面","12","碗装米线"
"40","粮油","45","面食","4","其他方便食品","1","方便米饭"
"40","粮油","45","面食","4","其他方便食品","3","普通八宝粥"
"40","粮油","45","面食","4","其他方便食品","4","无糖八宝粥"
"40","粮油","45","面食","4","其他方便食品","5","其他罐装方便食品"
"40","粮油","45","面食","4","其他方便食品","6","其他方便食品"
"50","日配","50","日配","0","冷冻品","1","冷冻汤圆"
"50","日配","50","日配","0","冷冻品","2","冷冻水饺"
"50","日配","50","日配","0","冷冻品","3","冷冻馄饨"
"50","日配","50","日配","0","冷冻品","4","冷冻馒头"
"50","日配","50","日配","0","冷冻品","5","冷冻面条"
"50","日配","50","日配","0","冷冻品","7","油炸面食"
"50","日配","50","日配","0","冷冻品","8","其他冷冻点心"
"50","日配","50","日配","0","冷冻品","10","盒装冰淇淋"
"50","日配","50","日配","0","冷冻品","11","单支棒冰"
"50","日配","50","日配","0","冷冻品","12","盒装棒冰"
"50","日配","50","日配","0","冷冻品","15","冷冻肉片"
"50","日配","50","日配","0","冷冻品","17","火锅菜"
"50","日配","50","日配","0","冷冻品","18","火锅料"
"50","日配","50","日配","0","冷冻品","19","烧烤肉禽"
"50","日配","50","日配","0","冷冻品","20","油炸肉禽"
"50","日配","50","日配","0","冷冻品","21","肉肠类"
"50","日配","50","日配","0","冷冻品","22","西式肉排"
"50","日配","50","日配","0","冷冻品","23","中式点心"
"50","日配","50","日配","1","冷藏品","1","低温鲜奶"
"50","日配","50","日配","1","冷藏品","2","低温酸奶"
"50","日配","50","日配","1","冷藏品","3","乳酸饮料"
"50","日配","50","日配","1","冷藏品","5","常温奶"
"50","日配","50","日配","1","冷藏品","6","保鲜饮料"
"50","日配","50","日配","1","冷藏品","7","保鲜果肉类"
"50","日配","50","日配","1","冷藏品","8","其他保鲜食品"
"50","日配","50","日配","1","冷藏品","9","保鲜面点"
"50","日配","50","日配","1","冷藏品","10","保鲜糕点"
"50","日配","50","日配","1","冷藏品","12","保鲜肠仔"
"50","日配","50","日配","1","冷藏品","16","保鲜水产品"
"50","日配","51"," ","3"," ","1",""
"50","日配","51"," ","3"," ","9",""
"53","水果","1","水果","0","国产仁果","1","苹果类"
"53","水果","1","水果","0","国产仁果","2","梨类"
"53","水果","1","水果","1","国产核果","1","桃类"
"53","水果","1","水果","1","国产核果","2","李类"
"53","水果","1","水果","1","国产核果","3","芒果"
"53","水果","1","水果","1","国产核果","4","枣类"
"53","水果","1","水果","2","国产瓜果","1","西瓜"
"53","水果","1","水果","2","国产瓜果","2","香瓜"
"53","水果","1","水果","2","国产瓜果","3","哈密瓜"
"53","水果","1","水果","3","国产柑橘","1","柑类"
"53","水果","1","水果","3","国产柑橘","2","橘类"
"53","水果","1","水果","3","国产柑橘","3","橙类"
"53","水果","1","水果","3","国产柑橘","4","柚类"
"53","水果","1","水果","4","国产浆果","1","葡萄类"
"53","水果","1","水果","4","国产浆果","2","柿子类"
"53","水果","1","水果","4","国产浆果","3","荔枝类"
"53","水果","1","水果","4","国产浆果","4","香蕉类"
"53","水果","1","水果","4","国产浆果","5","猕猴桃类"
"53","水果","1","水果","5","国产软果","1","小软果类"
"53","水果","1","水果","5","国产软果","2","大软果类"
"53","水果","1","水果","6","国产干坚果","1","坚果类"
"53","水果","1","水果","7","进口果","1","其他进口类"
"53","水果","1","水果","7","进口果","2","台湾进口类"
"53","水果","1","水果","8","水果礼盒","1","礼盒类"
"53","水果","1","水果","9","水果耗材","1","水果耗材类"
"53","水果","53","水果","2","国产瓜果","2","香瓜"
"53","水果","53","水果","2","国产瓜果","3","哈密瓜"
"54","蔬菜","1","蔬菜","0","叶菜","1","结球类"
"54","蔬菜","1","蔬菜","0","叶菜","2","叶菜类"
"54","蔬菜","1","蔬菜","1","花果","1","花菜类"
"54","蔬菜","1","蔬菜","1","花果","2","茄果类"
"54","蔬菜","1","蔬菜","2","根茎","1","笋类"
"54","蔬菜","1","蔬菜","2","根茎","2","根茎调味类"
"54","蔬菜","1","蔬菜","2","根茎","3","根茎类"
"54","蔬菜","1","蔬菜","3","豆类","1","豆类"
"54","蔬菜","1","蔬菜","4","瓜类","1","瓜类"
"54","蔬菜","1","蔬菜","5","菇菌","1","菌菇"
"54","蔬菜","1","蔬菜","6","调味","1","调味"
"54","蔬菜","1","蔬菜","6","调味","2","根茎调味类"
"54","蔬菜","1","蔬菜","7","腌制水发","2","水发类"
"54","蔬菜","1","蔬菜","8","无公害蔬菜","1","加工类"
"55","肉禽","1","肉禽","1","牛肉","1","肉类"
"55","肉禽","1","肉禽","1","牛肉","2","骨类"
"55","肉禽","1","肉禽","2","羊肉","1","羊肉类"
"55","肉禽","1","肉禽","3","兔肉","1","兔肉类"
"55","肉禽","1","肉禽","4","冻禽","1","鸡附类"
"55","肉禽","1","肉禽","4","冻禽","2","鸭附类"
"55","肉禽","1","肉禽","4","冻禽","3","猪附类"
"55","肉禽","1","肉禽","4","冻禽","5","羊附类"
"55","肉禽","1","肉禽","4","冻禽","7","其他类"
"55","肉禽","55","肉禽","3","兔肉","1","兔肉类"
"55","肉禽","55","肉禽","4","冻禽","4","牛附类"
"56","水产","1","水产","0","活鱼","1","有鳞类"
"56","水产","1","水产","0","活鱼","2","无鳞类"
"56","水产","1","水产","0","活鱼","4","海水有鳞鱼"
"56","水产","1","水产","0","活鱼","5","海水无鳞鱼"
"56","水产","1","水产","0","活鱼","6","淡水甲壳类"
"56","水产","1","水产","1","虾蟹","1","淡水虾类"
"56","水产","1","水产","1","虾蟹","2","海水虾类"
"56","水产","1","水产","1","虾蟹","3","淡水蟹类"
"56","水产","1","水产","1","虾蟹","4","海水蟹类"
"56","水产","1","水产","2","贝类","1","淡水贝类"
"56","水产","1","水产","2","贝类","2","盐水贝类"
"56","水产","1","水产","3","冰鲜","1","有鳞鱼类"
"56","水产","1","水产","3","冰鲜","2","无磷鱼类"
"56","水产","1","水产","3","冰鲜","3","虾蟹"
"56","水产","1","水产","3","冰鲜","4","软体"
"56","水产","1","水产","4","冻品","1","有鳞鱼类"
"56","水产","1","水产","4","冻品","2","虾蟹"
"56","水产","1","水产","4","冻品","3","软体"
"56","水产","1","水产","4","冻品","4","无鳞鱼类"
"56","水产","56","水产","6"," ","2",""
"57","面点豆制品","57","面点豆制品","0","熟食（冷）","1","肉类熟食"
"57","面点豆制品","57","面点豆制品","2","面包","4","专柜面包"
"57","面点豆制品","57","面点豆制品","2","面包","5","果酱类"
"57","面点豆制品","57","面点豆制品","2","面包","6","炼奶类"
"57","面点豆制品","57","面点豆制品","4","糕点","1","软糕点"
"57","面点豆制品","57","面点豆制品","4","糕点","2","硬糕点"
"57","面点豆制品","57","面点豆制品","4","糕点","4","专柜糕点"
"57","面点豆制品","57","面点豆制品","5","豆制品","1","包装豆制品"
"57","面点豆制品","57","面点豆制品","5","豆制品","2","散装豆制品"
"57","面点豆制品","57","面点豆制品","5","豆制品","3","休闲豆制品"
"59","干货","58"," ","1"," ","1",""
"59","干货","59","干货组","0","大米","1","大包装米"
"59","干货","59","干货组","0","大米","2","中包装米"
"59","干货","59","干货组","0","大米","3","小包装米"
"59","干货","59","干货组","0","大米","4","便利装米"
"59","干货","59","干货组","0","大米","5","散装米"
"59","干货","59","干货组","1","五谷杂粮","1","散装豆类"
"59","干货","59","干货组","1","五谷杂粮","2","包装豆类"
"59","干货","59","干货组","1","五谷杂粮","3","散装杂粮"
"59","干货","59","干货组","1","五谷杂粮","4","包装杂粮"
"59","干货","59","干货组","2","米面制品","1","散装年糕"
"59","干货","59","干货组","2","米面制品","2","包装年糕"
"59","干货","59","干货组","2","米面制品","3","散装米线"
"59","干货","59","干货组","2","米面制品","4","包装米线"
"59","干货","59","干货组","2","米面制品","5","散装面制品"
"59","干货","59","干货组","2","米面制品","6","包装面制品"
"59","干货","59","干货组","2","米面制品","9","其它加工制品"
"59","干货","59","干货组","3","南北货","1","散装干果类"
"59","干货","59","干货组","3","南北货","2","包装干果类"
"59","干货","59","干货组","3","南北货","3","散装干蔬类"
"59","干货","59","干货组","3","南北货","4","包装干蔬类"
"59","干货","59","干货组","3","南北货","5","散装干菜类"
"59","干货","59","干货组","3","南北货","6","包装干菜类"
"59","干货","59","干货组","3","南北货","7","南北货礼盒类"
"59","干货","59","干货组","3","南北货","8","其他干货散装"
"59","干货","59","干货组","3","南北货","9","其他干货包装"
"59","干货","59","干货组","4","休闲","1","花生"
"59","干货","59","干货组","4","休闲","2","瓜子"
"59","干货","59","干货组","4","休闲","3","坚果"
"59","干货","59","干货组","4","休闲","4","豆类"
"59","干货","59","干货组","4","休闲","6","其他"
"59","干货","59","干货组","5","肉制品","1","香肠"
"59","干货","59","干货组","5","肉制品","2","腊咸肉"
"59","干货","59","干货组","5","肉制品","3","腊禽"
"59","干货","59","干货组","5","肉制品","4","其它肉制品"
"59","干货","59","干货组","6","调味品","1","散装糖类"
"59","干货","59","干货组","6","调味品","2","包装糖类"
"59","干货","59","干货组","6","调味品","3","散装调味、药膳"
"59","干货","59","干货组","6","调味品","4","包装调味、药膳"
"59","干货","59","干货组","7","蛋品","1","鸡蛋散装"
"59","干货","59","干货组","7","蛋品","2","鸡蛋盒装"
"59","干货","59","干货组","7","蛋品","3","鸭蛋散装"
"59","干货","59","干货组","7","蛋品","5","皮蛋散装 "
"59","干货","59","干货组","7","蛋品","6","皮蛋盒装"
"59","干货","59","干货组","7","蛋品","7","咸蛋散装"
"59","干货","59","干货组","7","蛋品","8","咸蛋盒装"
"59","干货","59","干货组","7","蛋品","9","其它散装蛋"
"59","干货","59","干货组","7","蛋品","10","其它盒装蛋"
"59","干货","59","干货组","8","干水产","1","海蜇"
"59","干货","59","干货组","8","干水产","2","腌制水产"
"59","干货","59","干货组","8","干水产","3","干水产"
"59","干货","59","干货组","9","散装酒油","3","散装茶叶"
"59","干货","59","干货组","9","散装酒油","4","散装酱菜"
"60","日化","61","家用日化","1","洗衣类","1","大包装洗衣粉"
"60","日化","61","家用日化","1","洗衣类","2","中包装洗衣粉"
"60","日化","61","家用日化","1","洗衣类","3","小包装洗衣粉"
"60","日化","61","家用日化","1","洗衣类","4","洗衣皂"
"60","日化","61","家用日化","1","洗衣类","5","普通洗衣液"
"60","日化","61","家用日化","1","洗衣类","6","专用洗衣液"
"60","日化","61","家用日化","1","洗衣类","7","衣物护理液"
"60","日化","61","家用日化","1","洗衣类","8","促销装洗衣粉"
"60","日化","61","家用日化","2","厨房清洁剂","1","普通洗洁精"
"60","日化","61","家用日化","2","厨房清洁剂","2","果蔬洗洁精"
"60","日化","61","家用日化","2","厨房清洁剂","3","去污粉"
"60","日化","61","家用日化","2","厨房清洁剂","4","其他厨房清洁剂"
"60","日化","61","家用日化","3","浴厕清洁剂","1","浴室清洁剂"
"60","日化","61","家用日化","3","浴厕清洁剂","2","洁厕剂"
"60","日化","61","家用日化","3","浴厕清洁剂","3","通渠剂"
"60","日化","61","家用日化","3","浴厕清洁剂","4","消毒剂"
"60","日化","61","家用日化","4","厅堂清洁剂","1","玻璃清洁剂"
"60","日化","61","家用日化","4","厅堂清洁剂","2","家具护理剂"
"60","日化","61","家用日化","4","厅堂清洁剂","3","地面清洁剂"
"60","日化","61","家用日化","4","厅堂清洁剂","4","其他清洁剂"
"60","日化","61","家用日化","4","厅堂清洁剂","5","地板蜡"
"60","日化","61","家用日化","5","皮革保养剂","5","皮毛光亮剂"
"60","日化","61","家用日化","6","室内芳香剂","1","喷雾式"
"60","日化","61","家用日化","6","室内芳香剂","2","放置式"
"60","日化","61","家用日化","6","室内芳香剂","3","除臭剂"
"60","日化","61","家用日化","6","室内芳香剂","4","冰箱去味剂"
"60","日化","61","家用日化","7","灭蚊品","1","盘蚊香"
"60","日化","61","家用日化","7","灭蚊品","2","电蚊香"
"60","日化","61","家用日化","7","灭蚊品","3","驱蚊水"
"60","日化","61","家用日化","7","灭蚊品","4","喷雾式灭蚊剂"
"60","日化","61","家用日化","8","其他杀虫防蛀品","1","干燥剂"
"60","日化","61","家用日化","8","其他杀虫防蛀品","2","樟脑丸"
"60","日化","61","家用日化","8","其他杀虫防蛀品","3","灭蟑螂剂"
"60","日化","61","家用日化","8","其他杀虫防蛀品","4","灭苍蝇剂"
"60","日化","61","家用日化","8","其他杀虫防蛀品","5","灭鼠剂"
"60","日化","61","家用日化","8","其他杀虫防蛀品","6","其它杀飞虫剂"
"60","日化","61","家用日化","8","其他杀虫防蛀品","7","其它杀爬虫剂"
"60","日化","61","家用日化","8","其他杀虫防蛀品","8","混合型杀虫剂"
"60","日化","62","个人日化","1","牙膏","1","普通牙膏"
"60","日化","62","个人日化","1","牙膏","2","药物牙膏"
"60","日化","62","个人日化","1","牙膏","3","儿童牙膏"
"60","日化","62","个人日化","1","牙膏","4","促销装牙膏"
"60","日化","62","个人日化","1","牙膏","5","其他牙膏"
"60","日化","62","个人日化","1","牙膏","6","漱口水"
"60","日化","62","个人日化","1","牙膏","7","牙粉"
"60","日化","62","个人日化","2","牙刷","1","成人牙刷"
"60","日化","62","个人日化","2","牙刷","3","儿童牙刷"
"60","日化","62","个人日化","2","牙刷","4","促销装牙刷"
"60","日化","62","个人日化","2","牙刷","5","牙线"
"60","日化","62","个人日化","2","牙刷","6","牙签"
"60","日化","62","个人日化","3","香皂、洗手液","1","普通香皂"
"60","日化","62","个人日化","3","香皂、洗手液","2","功能香皂"
"60","日化","62","个人日化","3","香皂、洗手液","4","药物皂"
"60","日化","62","个人日化","3","香皂、洗手液","5","洗手液"
"60","日化","62","个人日化","4","洗面品","1","普通洗面乳"
"60","日化","62","个人日化","4","洗面品","2","功能洗面乳"
"60","日化","62","个人日化","4","洗面品","3","儿童专用洗面乳"
"60","日化","62","个人日化","4","洗面品","4","男士专用洗面乳"
"60","日化","62","个人日化","4","洗面品","5","普通面膜"
"60","日化","62","个人日化","4","洗面品","6","功能面膜"
"60","日化","62","个人日化","4","洗面品","7","各种贴"
"60","日化","62","个人日化","5","剃须品","1","剃须泡"
"60","日化","62","个人日化","5","剃须品","3","剃须刀"
"60","日化","62","个人日化","5","剃须品","4","其他"
"60","日化","62","个人日化","6","洗浴品","1","普通沐浴乳"
"60","日化","62","个人日化","6","洗浴品","2","功能沐浴乳"
"60","日化","62","个人日化","6","洗浴品","3","儿童沐浴乳"
"60","日化","62","个人日化","6","洗浴品","4","药浴剂、花浴剂"
"60","日化","62","个人日化","6","洗浴品","5","爽身用品"
"60","日化","62","个人日化","6","洗浴品","6","香体露"
"60","日化","62","个人日化","6","洗浴品","7","促销装沐浴露"
"60","日化","62","个人日化","7","洗发、护发、美发","1","普通洗发水"
"60","日化","62","个人日化","7","洗发、护发、美发","2","去屑洗发水"
"60","日化","62","个人日化","7","洗发、护发、美发","3","锔油洗发水"
"60","日化","62","个人日化","7","洗发、护发、美发","4","黑发洗发水"
"60","日化","62","个人日化","7","洗发、护发、美发","5","其他功能洗发水"
"60","日化","62","个人日化","7","洗发、护发、美发","6","儿童洗发水"
"60","日化","62","个人日化","7","洗发、护发、美发","7","洗发膏"
"60","日化","62","个人日化","7","洗发、护发、美发","8","护发素"
"60","日化","62","个人日化","7","洗发、护发、美发","9","润发素"
"60","日化","62","个人日化","7","洗发、护发、美发","10","发乳"
"60","日化","62","个人日化","7","洗发、护发、美发","11","渚喱水"
"60","日化","62","个人日化","7","洗发、护发、美发","12","摩丝"
"60","日化","62","个人日化","7","洗发、护发、美发","13","发胶"
"60","日化","62","个人日化","7","洗发、护发、美发","14","染发剂"
"60","日化","62","个人日化","7","洗发、护发、美发","15","促销装洗发露"
"60","日化","62","个人日化","8","护肤品","1","礼盒"
"60","日化","62","个人日化","8","护肤品","2","美白霜"
"60","日化","62","个人日化","8","护肤品","3","润肤营养霜"
"60","日化","62","个人日化","8","护肤品","4","防皱霜"
"60","日化","62","个人日化","8","护肤品","5","眼霜"
"60","日化","62","个人日化","8","护肤品","6","去斑霜"
"60","日化","62","个人日化","8","护肤品","7","男士霜"
"60","日化","62","个人日化","8","护肤品","8","儿童霜"
"60","日化","62","个人日化","8","护肤品","9","护手、足霜"
"60","日化","62","个人日化","8","护肤品","10","防晒霜"
"60","日化","62","个人日化","8","护肤品","11","脱毛霜"
"60","日化","62","个人日化","8","护肤品","12","收敛霜"
"60","日化","62","个人日化","8","护肤品","13","其他"
"60","日化","63","美容护理","2","美容品","2","唇膏"
"60","日化","63","美容护理","2","美容品","3","面部彩妆"
"60","日化","63","美容护理","2","美容品","6","其他"
"60","日化","63","美容护理","3","美容用具","1","化妆用品"
"60","日化","63","美容护理","5","美容专柜","1","香水/唇膏"
"60","日化","63","美容护理","5","美容专柜","2","面部/眼部彩妆"
"60","日化","63","美容护理","5","美容专柜","3","面部护理/清理（膏霜、洗面奶）"
"60","日化","63","美容护理","5","美容专柜","4","化妆用品"
"60","日化","63","美容护理","5","美容专柜","5","美容用品"
"60","日化","63","美容护理","5","美容专柜","6","卷发用品"
"60","日化","63","美容护理","5","美容专柜","8","其它"
"60","日化","64","医药","1","医疗用品","1","药棉、纱布"
"60","日化","64","医药","1","医疗用品","2","橡皮膏、创可贴"
"60","日化","64","医药","1","医疗用品","4","洗液"
"60","日化","64","医药","1","医疗用品","7","计生用品"
"60","日化","64","医药","1","医疗用品","8","其他"
"66","纸品","66","生活用纸","1","面纸","1","盒装面纸"
"66","纸品","66","生活用纸","1","面纸","2","袋装手帕纸"
"66","纸品","66","生活用纸","1","面纸","3","袋装餐巾纸"
"66","纸品","66","生活用纸","1","面纸","4","湿巾纸"
"66","纸品","66","生活用纸","1","面纸","5","方形面纸"
"66","纸品","66","生活用纸","1","面纸","6","其他面纸"
"66","纸品","66","生活用纸","2","厕纸","1","方形卫生纸"
"66","纸品","66","生活用纸","2","厕纸","3","多卷装卫生纸"
"66","纸品","66","生活用纸","2","厕纸","4","抽取式卫生纸"
"66","纸品","66","生活用纸","3","卫生巾","1","普通日用卫生巾"
"66","纸品","66","生活用纸","3","卫生巾","3","护翼日用卫生巾"
"66","纸品","66","生活用纸","3","卫生巾","4","护翼夜用卫生巾"
"66","纸品","66","生活用纸","3","卫生巾","5","卫生棉条"
"66","纸品","66","生活用纸","3","卫生巾","6","护垫"
"66","纸品","66","生活用纸","3","卫生巾","7","其他"
"66","纸品","66","生活用纸","4","纸尿裤","1","小号纸尿裤"
"66","纸品","66","生活用纸","4","纸尿裤","2","中号纸尿裤"
"66","纸品","66","生活用纸","4","纸尿裤","3","大号纸尿裤"
"66","纸品","66","生活用纸","4","纸尿裤","4","特大号纸垫"
"66","纸品","66","生活用纸","4","纸尿裤","5","妇婴二用纸垫"
"66","纸品","66","生活用纸","4","纸尿裤","6","成人纸尿裤"
"66","纸品","66","生活用纸","4","纸尿裤","9","大号衬垫"
"66","纸品","66","生活用纸","5","其它生活用纸","1","婴儿湿巾纸"
"66","纸品","66","生活用纸","5","其它生活用纸","2","女用湿巾纸"
"66","纸品","66","生活用纸","5","其它生活用纸","3","多用湿巾纸"
"66","纸品","66","生活用纸","6","婴儿用品","1","婴儿礼盒"
"66","纸品","66","生活用纸","6","婴儿用品","2","婴儿睡衣"
"66","纸品","66","生活用纸","6","婴儿用品","3","婴儿外套"
"66","纸品","66","生活用纸","6","婴儿用品","4","婴儿布品"
"66","纸品","66","生活用纸","6","婴儿用品","5","婴儿鞋"
"66","纸品","66","生活用纸","6","婴儿用品","6","婴儿日化"
"66","纸品","66","生活用纸","6","婴儿用品","7","婴儿食具"
"66","纸品","66","生活用纸","6","婴儿用品","9","婴儿用具"
"66","纸品","66","生活用纸","6","婴儿用品","10","其他婴儿用品"
"66","纸品","66","生活用纸","6","婴儿用品","11","婴儿用品专柜"
"68","百杂","67","家庭用品","1","锅壶","1","茶壶"
"68","百杂","67","家庭用品","1","锅壶","2","炒锅"
"68","百杂","67","家庭用品","1","锅壶","3","煎锅"
"68","百杂","67","家庭用品","1","锅壶","4","煮锅"
"68","百杂","67","家庭用品","1","锅壶","5","蒸锅"
"68","百杂","67","家庭用品","1","锅壶","6","压力锅"
"68","百杂","67","家庭用品","1","锅壶","7","压力锅配件"
"68","百杂","67","家庭用品","1","锅壶","8","调理锅"
"68","百杂","67","家庭用品","1","锅壶","9","其他锅具"
"68","百杂","67","家庭用品","1","锅壶","10","锅具专柜"
"68","百杂","67","家庭用品","2","厨房用具","1","刀具"
"68","百杂","67","家庭用品","2","厨房用具","2","调理五金"
"68","百杂","67","家庭用品","2","厨房用具","3","调味用具"
"68","百杂","67","家庭用品","2","厨房用具","4","厨房用具"
"68","百杂","67","家庭用品","2","厨房用具","5","清洁用品"
"68","百杂","67","家庭用品","2","厨房用具","6","保鲜膜"
"68","百杂","67","家庭用品","2","厨房用具","7","保鲜袋"
"68","百杂","67","家庭用品","2","厨房用具","8","微波炉用具"
"68","百杂","67","家庭用品","2","厨房用具","9","砧板"
"68","百杂","67","家庭用品","2","厨房用具","10","保鲜盒"
"68","百杂","67","家庭用品","2","厨房用具","11","垃圾袋"
"68","百杂","67","家庭用品","2","厨房用具","12","清洁手套"
"68","百杂","67","家庭用品","3","餐具","1","组合餐具"
"68","百杂","67","家庭用品","3","餐具","2","碗"
"68","百杂","67","家庭用品","3","餐具","3","菜盆"
"68","百杂","67","家庭用品","3","餐具","4","碟"
"68","百杂","67","家庭用品","3","餐具","5","调羹、刀叉"
"68","百杂","67","家庭用品","3","餐具","6","筷子"
"68","百杂","67","家庭用品","3","餐具","7","一次性杯"
"68","百杂","67","家庭用品","3","餐具","8","一次性餐具"
"68","百杂","67","家庭用品","3","餐具","9","一次性台布"
"68","百杂","67","家庭用品","3","餐具","10","餐具垫"
"68","百杂","67","家庭用品","3","餐具","11","餐具专柜"
"68","百杂","67","家庭用品","4","器皿","1","组合瓷茶具"
"68","百杂","67","家庭用品","4","器皿","2","陶瓷杯"
"68","百杂","67","家庭用品","4","器皿","3","玻璃茶杯"
"68","百杂","67","家庭用品","4","器皿","4","玻璃茶具礼盒"
"68","百杂","67","家庭用品","4","器皿","5","玻璃酒杯"
"68","百杂","67","家庭用品","4","器皿","6","玻璃果汁杯"
"68","百杂","67","家庭用品","4","器皿","7","烟缸"
"68","百杂","67","家庭用品","4","器皿","9","果盆"
"68","百杂","67","家庭用品","4","器皿","10","其他玻璃器皿"
"68","百杂","67","家庭用品","4","器皿","11","冲水茶壶"
"68","百杂","67","家庭用品","4","器皿","12","咖啡杯、壶"
"68","百杂","67","家庭用品","4","器皿","13","茶叶罐"
"68","百杂","67","家庭用品","4","器皿","14","饭盒"
"68","百杂","67","家庭用品","4","器皿","15","保温杯"
"68","百杂","67","家庭用品","4","器皿","16","保温瓶"
"68","百杂","67","家庭用品","4","器皿","17","冷水壶、大口瓶"
"68","百杂","67","家庭用品","5","洗衣收纳","1","洗衣板"
"68","百杂","67","家庭用品","5","洗衣收纳","2","洗衣刷"
"68","百杂","67","家庭用品","5","洗衣收纳","3","洗衣篮、袋"
"68","百杂","67","家庭用品","5","洗衣收纳","4","塑料衣架"
"68","百杂","67","家庭用品","5","洗衣收纳","5","木衣架"
"68","百杂","67","家庭用品","5","洗衣收纳","6","其他衣架"
"68","百杂","67","家庭用品","5","洗衣收纳","7","衣夹"
"68","百杂","67","家庭用品","5","洗衣收纳","8","衣叉"
"68","百杂","67","家庭用品","5","洗衣收纳","9","衣钩"
"68","百杂","67","家庭用品","5","洗衣收纳","10","晾衣竿/绳"
"68","百杂","67","家庭用品","5","洗衣收纳","11","烫衣板/布"
"68","百杂","67","家庭用品","5","洗衣收纳","12","整理箱/柜"
"68","百杂","67","家庭用品","5","洗衣收纳","13","整理架"
"68","百杂","67","家庭用品","5","洗衣收纳","14","贮藏袋"
"68","百杂","67","家庭用品","5","洗衣收纳","15","鞋架"
"68","百杂","67","家庭用品","5","洗衣收纳","16","杂物架"
"68","百杂","67","家庭用品","5","洗衣收纳","17","台布/各类罩"
"68","百杂","67","家庭用品","6","浴厕用品","1","脸盆"
"68","百杂","67","家庭用品","6","浴厕用品","2","水桶/水瓢"
"68","百杂","67","家庭用品","6","浴厕用品","3","手纸筒/盒"
"68","百杂","67","家庭用品","6","浴厕用品","4","皂盒"
"68","百杂","67","家庭用品","6","浴厕用品","5","漱口杯/牙刷盒"
"68","百杂","67","家庭用品","6","浴厕用品","6","梳具"
"68","百杂","67","家庭用品","6","浴厕用品","7","镜子"
"68","百杂","67","家庭用品","6","浴厕用品","8","擦洗用品"
"68","百杂","67","家庭用品","6","浴厕用品","9","毛巾架/浴巾架"
"68","百杂","67","家庭用品","6","浴厕用品","10","浴帘"
"68","百杂","67","家庭用品","6","浴厕用品","12","地垫"
"68","百杂","67","家庭用品","6","浴厕用品","13","健康秤"
"68","百杂","67","家庭用品","6","浴厕用品","14","座便套"
"68","百杂","67","家庭用品","7","清洁用具、雨具","1","扫帚/畚斗"
"68","百杂","67","家庭用品","7","清洁用具、雨具","2","拖把/桶"
"68","百杂","67","家庭用品","7","清洁用具、雨具","3","刷子/禅子"
"68","百杂","67","家庭用品","7","清洁用具、雨具","4","垃圾桶"
"68","百杂","67","家庭用品","7","清洁用具、雨具","5","痰盂"
"68","百杂","67","家庭用品","7","清洁用具、雨具","6","皮吸、疏通器"
"68","百杂","67","家庭用品","7","清洁用具、雨具","7","蝇拍"
"68","百杂","67","家庭用品","7","清洁用具、雨具","8","雨衣"
"68","百杂","67","家庭用品","7","清洁用具、雨具","9","雨伞"
"68","百杂","67","家庭用品","7","清洁用具、雨具","10","拐杖"
"68","百杂","67","家庭用品","8","缝纫用品","1","普通剪刀"
"68","百杂","67","家庭用品","8","缝纫用品","3","针线"
"68","百杂","67","家庭用品","8","缝纫用品","4","钮扣"
"68","百杂","67","家庭用品","8","缝纫用品","5","其他"
"68","百杂","67","家庭用品","9","小商品","1","热水袋"
"68","百杂","67","家庭用品","9","小商品","2","扇子"
"68","百杂","67","家庭用品","9","小商品","5","其它"
"70","针织","71","内衣","1","男内衣","1","套装"
"70","针织","71","内衣","1","男内衣","2","棉毛衫"
"70","针织","71","内衣","1","男内衣","3","棉毛裤"
"70","针织","71","内衣","1","男内衣","4","毛裤"
"70","针织","71","内衣","1","男内衣","5","内裤"
"70","针织","71","内衣","1","男内衣","6","背心"
"70","针织","71","内衣","1","男内衣","7","汗衫"
"70","针织","71","内衣","5","文胸","1","无托文胸"
"70","针织","71","内衣","5","文胸","2","有托文胸"
"70","针织","71","内衣","5","文胸","3","学生背心"
"70","针织","71","内衣","5","文胸","4","文胸套装"
"70","针织","71","内衣","5","文胸","5","削价文胸"
"70","针织","71","内衣","6","儿童内衣","1","套装"
"70","针织","71","内衣","6","儿童内衣","2","棉毛衫"
"70","针织","71","内衣","6","儿童内衣","3","棉毛裤"
"70","针织","71","内衣","6","儿童内衣","5","内裤"
"70","针织","71","内衣","7","女内衣","1","套装"
"70","针织","71","内衣","7","女内衣","2","棉毛衫"
"70","针织","71","内衣","7","女内衣","3","棉毛裤"
"70","针织","71","内衣","7","女内衣","4","毛裤"
"70","针织","71","内衣","7","女内衣","5","内裤"
"70","针织","71","内衣","7","女内衣","6","健腹裤"
"70","针织","71","内衣","7","女内衣","7","背心"
"70","针织","72","针织","1","毛巾","1","螺旋单色面巾"
"70","针织","72","针织","1","毛巾","2","螺旋非单色面巾"
"70","针织","72","针织","1","毛巾","3","割绒单色面巾"
"70","针织","72","针织","1","毛巾","4","割绒非单色面巾"
"70","针织","72","针织","1","毛巾","5","多条装面巾"
"70","针织","72","针织","1","毛巾","6","童巾及方巾"
"70","针织","72","针织","1","毛巾","7","浴巾"
"70","针织","72","针织","1","毛巾","10","毛巾礼盒"
"70","针织","72","针织","2","被褥、毛毯","1","夏被"
"70","针织","72","针织","2","被褥、毛毯","2","春秋被"
"70","针织","72","针织","2","被褥、毛毯","3","冬被"
"70","针织","72","针织","2","被褥、毛毯","4","垫被"
"70","针织","72","针织","2","被褥、毛毯","5","被套"
"70","针织","72","针织","2","被褥、毛毯","6","羊毛毯"
"70","针织","72","针织","2","被褥、毛毯","7","腈纶毯"
"70","针织","72","针织","2","被褥、毛毯","9","毛巾毯"
"70","针织","72","针织","2","被褥、毛毯","10","电热毯"
"70","针织","72","针织","3","床单、床罩、蚊帐","2","多件套"
"70","针织","72","针织","3","床单、床罩、蚊帐","3","床单"
"70","针织","72","针织","3","床单、床罩、蚊帐","4","蚊帐"
"70","针织","72","针织","4","枕、席","1","枕头"
"70","针织","72","针织","4","枕、席","2","枕芯"
"70","针织","72","针织","4","枕、席","3","枕套"
"70","针织","72","针织","4","枕、席","4","枕巾"
"70","针织","72","针织","4","枕、席","5","竹席"
"70","针织","72","针织","4","枕、席","6","草席"
"70","针织","72","针织","6","其他","1","靠垫"
"70","针织","72","针织","6","其他","2","坐垫"
"70","针织","72","针织","6","其他","3","抱垫"
"70","针织","72","针织","6","其他","4","枕垫"
"70","针织","72","针织","6","其他","5","其他垫"
"70","针织","72","针织","8","男袜","1","丝袜"
"70","针织","72","针织","8","男袜","2","棉袜"
"70","针织","72","针织","8","男袜","3","毛袜"
"70","针织","72","针织","8","男袜","4","运动袜"
"70","针织","72","针织","9","女袜","1","女薄休闲袜"
"70","针织","72","针织","9","女袜","2","女厚休闲袜"
"70","针织","72","针织","9","女袜","3","女短丝袜"
"70","针织","72","针织","9","女袜","4","女半统丝袜"
"70","针织","72","针织","9","女袜","5","女薄连裤丝袜"
"70","针织","72","针织","9","女袜","6","女厚连裤丝袜"
"70","针织","72","针织","9","女袜","7","女九分裤"
"70","针织","72","针织","9","女袜","8","儿童休闲袜"
"70","针织","72","针织","9","女袜","9","儿童短丝袜"
"70","针织","72","针织","9","女袜","10","儿童休闲袜"
"80","服装","81","男装","0","男正装衬衫","1","男盒装长袖衬衫"
"80","服装","81","男装","0","男正装衬衫","2","男盒装短袖衬衫"
"80","服装","81","男装","0","男正装衬衫","3","男长袖衬衫"
"80","服装","81","男装","0","男正装衬衫","4","男短袖衬衫"
"80","服装","81","男装","0","男正装衬衫","5","男清仓衬衫"
"80","服装","81","男装","1","男正装针织衫","3","男短袖T恤"
"80","服装","81","男装","2","男正装背心","2","男防寒背心"
"80","服装","81","男装","3","男正装外套","2","男单茄克"
"80","服装","81","男装","3","男正装外套","3","男棉衣"
"80","服装","81","男装","3","男正装外套","5","男清仓外套"
"80","服装","81","男装","4","男正装裤","1","男正装长裤"
"80","服装","81","男装","4","男正装裤","3","男正装短裤"
"80","服装","81","男装","4","男正装裤","4","男正装保暖裤"
"80","服装","81","男装","4","男正装裤","5","男正装清仓裤"
"80","服装","81","男装","5","男休闲衬衫","1","男休闲长袖衬衫"
"80","服装","81","男装","6","男休闲针织衫","3","男休闲短袖T恤"
"80","服装","81","男装","6","男休闲针织衫","4","男休闲清仓针织衫"
"80","服装","81","男装","7","男休闲背心","2","男毛线背心"
"80","服装","81","男装","7","男休闲背心","3","男防寒背心"
"80","服装","81","男装","8","男休闲外套","4","男休闲棉衣"
"80","服装","81","男装","8","男休闲外套","7","男休闲清仓外套"
"80","服装","81","男装","9","男休闲裤","4","男休闲牛仔裤"
"80","服装","82","女装","0","女正装衬衫","2","女正装短袖衬衫"
"80","服装","82","女装","1","女正装针织衫","3","女正装短袖T恤"
"80","服装","82","女装","1","女正装针织衫","4","女正装清仓针织衫"
"80","服装","82","女装","2","女正装背心","2","女正装防寒背心"
"80","服装","82","女装","3","女正装外套","5","女正装清仓外套"
"80","服装","82","女装","4","女正装裤、裙","1","女正装长裤"
"80","服装","82","女装","4","女正装裤、裙","2","女正装短裤"
"80","服装","82","女装","4","女正装裤、裙","3","女正装棉裤"
"80","服装","82","女装","4","女正装裤、裙","4","女正装裙"
"80","服装","82","女装","4","女正装裤、裙","5","女正装打底长裤"
"80","服装","82","女装","4","女正装裤、裙","6","女正装打底短裤"
"80","服装","82","女装","4","女正装裤、裙","7","女正装牛仔裤"
"80","服装","82","女装","4","女正装裤、裙","8","女正装清仓裤、裙"
"80","服装","82","女装","5","女休闲衬衫","2","女休闲短袖衬衫"
"80","服装","82","女装","6","女休闲针织衫","3","女休闲短袖T恤"
"80","服装","82","女装","6","女休闲针织衫","4","女休闲吊带衫"
"80","服装","82","女装","8","女休闲外套","2","女休闲棉衣"
"80","服装","82","女装","9","女休闲裤、裙","2","女休闲短裤"
"80","服装","82","女装","9","女休闲裤、裙","6","女休闲打底短裤"
"80","服装","82","女装","9","女休闲裤、裙","7","女休闲牛仔裤"
"80","服装","83","童装","0","大童衬衫","2","大童短袖衬衫"
"80","服装","83","童装","1","大童针织衫","2","大童短袖T恤"
"80","服装","83","童装","3","大童外套","1","大童单外套"
"80","服装","83","童装","3","大童外套","2","大童棉衣"
"80","服装","83","童装","4","大童裤、裙、套装、清仓","2","大童短裤"
"80","服装","83","童装","4","大童裤、裙、套装、清仓","4","大童裙"
"80","服装","83","童装","4","大童裤、裙、套装、清仓","6","大童清仓"
"80","服装","83","童装","6","中小童针织衫","2","中小童短袖T恤"
"80","服装","83","童装","7","中小童背心","1","中小童单背心"
"80","服装","83","童装","7","中小童背心","2","中小童防寒背心"
"80","服装","83","童装","8","中小童外套","1","中小童单外套"
"80","服装","83","童装","9","中小童裤、裙、套装、清仓","1","中小童长裤"
"80","服装","83","童装","9","中小童裤、裙、套装、清仓","2","中小童短裤"
"80","服装","83","童装","9","中小童裤、裙、套装、清仓","4","中小童裙"
"80","服装","83","童装","9","中小童裤、裙、套装、清仓","5","中小童套装"
"80","服装","83","童装","9","中小童裤、裙、套装、清仓","6","中小童清仓"
"80","服装","84","家居服和运动装","1","男家居服","1","男长袖家居服"
"80","服装","84","家居服和运动装","1","男家居服","2","男短袖家居服"
"80","服装","84","家居服和运动装","1","男家居服","3","男棉家居服"
"80","服装","84","家居服和运动装","1","男家居服","4","男家居裤"
"80","服装","84","家居服和运动装","2","女家居服","1","女长袖家居服"
"80","服装","84","家居服和运动装","2","女家居服","2","女短袖家居服"
"80","服装","84","家居服和运动装","2","女家居服","3","女棉家居服"
"80","服装","84","家居服和运动装","2","女家居服","4","女家居裤、裙"
"80","服装","84","家居服和运动装","2","女家居服","5","女清仓家居服"
"80","服装","84","家居服和运动装","3","男运动装","8","男运动长裤"
"80","服装","85","服饰和专柜","1","服饰","1","腰带\票夹\领带"
"80","服装","85","服饰和专柜","1","服饰","2","围巾\丝巾\披肩"
"80","服装","85","服饰和专柜","1","服饰","3","手套"
"80","服装","85","服饰和专柜","1","服饰","4","帽子"
"80","服装","85","服饰和专柜","1","服饰","5","其他"
"80","服装","85","服饰和专柜","2","专柜","1","男装专柜"
"80","服装","85","服饰和专柜","2","专柜","2","女装专柜"
"80","服装","85","服饰和专柜","2","专柜","3","童装专柜"
"86","鞋子","86","鞋","1","男皮鞋","1","真皮单鞋"
"86","鞋子","86","鞋","1","男皮鞋","2","合成革单鞋"
"86","鞋子","86","鞋","1","男皮鞋","3","真皮棉皮鞋"
"86","鞋子","86","鞋","1","男皮鞋","4","合成革棉皮鞋"
"86","鞋子","86","鞋","1","男皮鞋","5","真皮凉鞋"
"86","鞋子","86","鞋","1","男皮鞋","6","合成革凉鞋"
"86","鞋子","86","鞋","1","男皮鞋","7","削价男皮鞋"
"86","鞋子","86","鞋","2","女皮鞋","1","真皮单鞋"
"86","鞋子","86","鞋","2","女皮鞋","2","合成革单鞋"
"86","鞋子","86","鞋","2","女皮鞋","3","真皮棉皮鞋"
"86","鞋子","86","鞋","2","女皮鞋","4","合成革棉皮鞋"
"86","鞋子","86","鞋","2","女皮鞋","5","真皮凉鞋"
"86","鞋子","86","鞋","2","女皮鞋","6","合成革凉鞋"
"86","鞋子","86","鞋","2","女皮鞋","7","削价女皮鞋"
"86","鞋子","86","鞋","3","童皮鞋","1","小童男皮鞋"
"86","鞋子","86","鞋","3","童皮鞋","2","中童男皮鞋"
"86","鞋子","86","鞋","3","童皮鞋","3","大童男皮鞋"
"86","鞋子","86","鞋","3","童皮鞋","4","小童女皮鞋"
"86","鞋子","86","鞋","3","童皮鞋","5","中童女皮鞋"
"86","鞋子","86","鞋","3","童皮鞋","6","大童女皮鞋"
"86","鞋子","86","鞋","3","童皮鞋","7","削价儿童皮鞋"
"86","鞋子","86","鞋","4","成人休闲鞋","1","男旅游鞋"
"86","鞋子","86","鞋","4","成人休闲鞋","2","女旅游鞋"
"86","鞋子","86","鞋","4","成人休闲鞋","3","男帆布鞋"
"86","鞋子","86","鞋","4","成人休闲鞋","4","女帆布鞋"
"86","鞋子","86","鞋","4","成人休闲鞋","7","削价旅游鞋"
"86","鞋子","86","鞋","5","童运动鞋","1","小童运动鞋"
"86","鞋子","86","鞋","5","童运动鞋","2","中童运动鞋"
"86","鞋子","86","鞋","5","童运动鞋","3","大童运动鞋"
"86","鞋子","86","鞋","5","童运动鞋","4","儿童休闲鞋"
"86","鞋子","86","鞋","5","童运动鞋","5","儿童沙滩鞋"
"86","鞋子","86","鞋","6","常规鞋","1","球鞋"
"86","鞋子","86","鞋","6","常规鞋","2","体操鞋"
"86","鞋子","86","鞋","6","常规鞋","3","布鞋"
"86","鞋子","86","鞋","7","保暖鞋","1","男室内保暖鞋"
"86","鞋子","86","鞋","7","保暖鞋","2","女室内保暖鞋"
"86","鞋子","86","鞋","7","保暖鞋","3","儿童室内保暖鞋"
"86","鞋子","86","鞋","7","保暖鞋","4","男室外保暖鞋"
"86","鞋子","86","鞋","7","保暖鞋","5","女室外保暖鞋"
"86","鞋子","86","鞋","7","保暖鞋","6","儿童室外保暖鞋"
"86","鞋子","86","鞋","7","保暖鞋","7","削价保暖鞋"
"86","鞋子","86","鞋","8","雨鞋","1","男雨鞋"
"86","鞋子","86","鞋","8","雨鞋","2","女雨鞋"
"86","鞋子","86","鞋","8","雨鞋","3","儿童雨鞋"
"86","鞋子","86","鞋","9","拖鞋","1","男春秋拖鞋"
"86","鞋子","86","鞋","9","拖鞋","2","女春秋拖鞋"
"86","鞋子","86","鞋","9","拖鞋","4","男凉拖鞋"
"86","鞋子","86","鞋","9","拖鞋","5","女凉拖鞋"
"86","鞋子","86","鞋","9","拖鞋","6","儿童凉拖鞋"
"86","鞋子","86","鞋","9","拖鞋","7","男保暖拖鞋"
"86","鞋子","86","鞋","9","拖鞋","8","女保暖拖鞋"
"86","鞋子","86","鞋","9","拖鞋","9","儿童保暖拖鞋"
"86","鞋子","86","鞋","9","拖鞋","10","削价拖鞋"
