"dimGoodsID","categoryID1","categoryName1","categoryID2","categoryName2","categoryID3","categoryName3","categoryID4","categoryName4","branName","name"
"400001","40","烟酒纯鲜奶","45","酒","4","礼盒酒","5","礼盒装滋补酒","喜多多","喜多多芦荟纤维粥370g"
"1010023","10","烟酒纯鲜奶","10","烟","1","香烟","4","省外烟","中华","中华(软)"
"1010030","10","烟酒纯鲜奶","10","烟","1","香烟","4","省外烟","南京","南京(佳品)"
"1010031","10","烟酒纯鲜奶","10","烟","1","香烟","4","省外烟","南京","南京(红)"
"1010033","10","烟酒纯鲜奶","10","烟","1","香烟","4","省外烟","云烟","云烟(软珍品zj)"
"1010044","10","烟酒纯鲜奶","10","烟","1","香烟","3","杭产烟","利群","利群(软长嘴)"
"1010064","10","烟酒纯鲜奶","10","烟","1","香烟","3","杭产烟","利群","利群(软红长嘴)"
"1010068","10","烟酒纯鲜奶","10","烟","1","香烟","4","省外烟","芙蓉王","芙蓉王(硬)"
"1010069","10","烟酒纯鲜奶","10","烟","1","香烟","3","杭产烟","利群","利群(老版)"
"1010072","10","烟酒纯鲜奶","10","烟","1","香烟","4","省外烟","云烟","双龙云烟20支装"
"1010079","10","烟酒纯鲜奶","10","烟","1","香烟","4","省外烟","红双喜","红双喜（硬）（武汉）"
"1010093","10","烟酒纯鲜奶","10","烟","1","香烟","4","省外烟","芙蓉王","芙蓉王(蓝)"
"1010100","10","烟酒纯鲜奶","10","烟","1","香烟","4","省外烟","苏烟","苏烟(软金砂)"
"1010107","10","烟酒纯鲜奶","10","烟","1","香烟","4","省外烟","玉溪","软玉溪(B) "
"1010127","10","烟酒纯鲜奶","10","烟","1","香烟","4","省外烟","芙蓉王","芙蓉王(软蓝)"
"1010132","10","烟酒纯鲜奶","10","烟","1","香烟","4","省外烟","云烟","84全硬云烟（印象）香烟"
"1010137","10","烟酒纯鲜奶","10","烟","1","香烟","4","省外烟","白沙","84全硬白沙（和红）香烟"
"1010151","10","烟酒纯鲜奶","10","烟","1","香烟","3","杭产烟","阳光利群","利群（阳光）"
"1010160","10","烟酒纯鲜奶","10","烟","1","香烟","4","省外烟","黄鹤楼","黄鹤楼(硬雅香)"
"1010194","10","烟酒纯鲜奶","10","烟","1","香烟","3","杭产烟","利群","利群(硬)"
"1010198","10","烟酒纯鲜奶","10","烟","1","香烟","4","省外烟","红塔山","红塔山(软经典)"
"1010208","10","烟酒纯鲜奶","10","烟","1","香烟","4","省外烟","贵烟","贵烟(多彩)"
"1010223","10","烟酒纯鲜奶","10","烟","1","香烟","3","杭产烟","雄狮","雄狮（红）"
"1010224","10","烟酒纯鲜奶","10","烟","1","香烟","4","省外烟","黄山","黄山一品香烟"
"1010225","10","烟酒纯鲜奶","10","烟","1","香烟","4","省外烟","红塔山","红塔山(硬经典100)"
"1010226","10","烟酒纯鲜奶","10","烟","1","香烟","1","进口烟","爱喜","爱喜薄荷香烟20支"
"1010236","10","烟酒纯鲜奶","10","烟","1","香烟","4","省外烟","黄鹤楼","黄鹤楼漫天游香烟"
"1010249","10","烟酒纯鲜奶","10","烟","1","香烟","4","省外烟","硬云烟","硬云烟(紫)香烟"
"1010273","10","烟酒纯鲜奶","10","烟","1","香烟","3","杭产烟","利群","利群（神州）"
"1010280","10","烟酒纯鲜奶","10","烟","1","香烟","1","进口烟","万宝路","万宝路(硬白)"
"1010281","10","烟酒纯鲜奶","10","烟","1","香烟","1","进口烟","万宝路","万宝路(软红)"
"1010325","10","烟酒纯鲜奶","10","烟","1","香烟","4","省外烟","七匹狼","七匹狼（红）"
"1010349","10","烟酒纯鲜奶","10","烟","1","香烟","4","省外烟","双喜","双喜（硬经典1906）"
"1010350","10","烟酒纯鲜奶","10","烟","1","香烟","4","省外烟","七匹狼","七匹狼（豪情）"
"1010351","10","烟酒纯鲜奶","10","烟","1","香烟","4","省外烟","中南海","中南海(5mg)"
"1010356","10","烟酒纯鲜奶","10","烟","1","香烟","4","省外烟","云烟","云烟（软紫）"
"1010363","10","烟酒纯鲜奶","10","烟","1","香烟","4","省外烟","七匹狼","七匹狼（豪运）"
"1010367","10","烟酒纯鲜奶","10","烟","1","香烟","4","省外烟","白沙","白沙(尚品蓝)"
"1010388","10","烟酒纯鲜奶","10","烟","1","香烟","4","省外烟","苏烟","苏烟(五星红杉树)"
"1010392","10","烟酒纯鲜奶","10","烟","1","香烟","3","杭产烟","利群","利群（休闲）"
"1010396","10","烟酒纯鲜奶","10","烟","1","香烟","4","省外烟","白沙","白沙(和天下)"
"1010398","10","烟酒纯鲜奶","10","烟","1","香烟","4","省外烟","黄鹤楼","黄鹤楼（软漫天游）"
"1010400","10","烟酒纯鲜奶","10","烟","1","香烟","3","杭产烟","利群","利群（软老板）"
"1010409","10","烟酒纯鲜奶","10","烟","1","香烟","4","省外烟","红双喜","红双喜(硬晶派)"
"1010416","10","烟酒纯鲜奶","10","烟","1","香烟","4","省外烟","七匹狼","七匹狼（蓝）"
"1010422","10","烟酒纯鲜奶","10","烟","1","香烟","4","省外烟","娇子","娇子(硬龙凤珍品)"
"1010423","10","烟酒纯鲜奶","10","烟","1","香烟","4","省外烟","七匹狼","七匹狼（通福）"
"1010424","10","烟酒纯鲜奶","10","烟","1","香烟","4","省外烟","七匹狼","七匹狼（通仙）"
"1010427","10","烟酒纯鲜奶","10","烟","1","香烟","4","省外烟","南京","南京(九五)"
"1010428","10","烟酒纯鲜奶","10","烟","1","香烟","4","省外烟","黄鹤楼","黄鹤楼(硬1916)"
"1010433","10","烟酒纯鲜奶","10","烟","1","香烟","4","省外烟","七匹狼","七匹狼（通运）"
"1010441","10","烟酒纯鲜奶","10","烟","1","香烟","4","省外烟","黄山","黄山(大壹品)"
"1010445","10","烟酒纯鲜奶","10","烟","1","香烟","3","杭产烟","利群","利群(8mg长嘴)"
"1010446","10","烟酒纯鲜奶","10","烟","1","香烟","3","杭产烟","利群","利群(软5mg)"
"1010451","10","烟酒纯鲜奶","10","烟","1","香烟","4","省外烟","七匹狼","七匹狼(纯雅)"
"1010459","10","烟酒纯鲜奶","10","烟","1","香烟","4","省外烟","天子","天子(锦绣)"
"1010461","10","烟酒纯鲜奶","10","烟","1","香烟","4","省外烟","云烟","云烟(软印象)"
"1010499","10","烟酒纯鲜奶","10","烟","1","香烟","4","省外烟","黄鹤楼","黄鹤楼（硬红）"
"1010502","10","烟酒纯鲜奶","10","烟","1","香烟","4","省外烟","云烟","云烟（大重九）"
"1010504","10","烟酒纯鲜奶","10","烟","1","香烟","4","省外烟","黄山","黄山（小红方印）"
"1010513","10","烟酒纯鲜奶","10","烟","1","香烟","4","省外烟","","黄山（中国松）"
"1110006","10","烟酒纯鲜奶","10","烟","1","香烟","4","省外烟","中华","中华(硬)"
"1110016","10","烟酒纯鲜奶","10","烟","1","香烟","4","省外烟","红双喜","红双喜(硬)"
"1110027","10","烟酒纯鲜奶","10","烟","1","香烟","3","杭产烟","利群","利群(长嘴)"
"1110032","10","烟酒纯鲜奶","10","烟","1","香烟","4","省外烟","红双喜","红双喜(硬8mg)"
"1110033","10","烟酒纯鲜奶","10","烟","1","香烟","3","杭产烟","雄狮","雄狮(红老版)"
"1110161","10","烟酒纯鲜奶","11","酒","1","礼盒酒","5","礼盒装滋补酒","椰岛","椰岛鹿龟酒三年陈礼盒33度550ml*2"
"1110218","10","烟酒纯鲜奶","11","酒","1","礼盒酒","5","礼盒装滋补酒","灵威","灵威健力补酒礼盒28度500ml*2"
"1110220","10","烟酒纯鲜奶","11","酒","1","礼盒酒","5","礼盒装滋补酒","劲牌","中国劲酒礼盒35度500ml*2"
"1110238","10","烟酒纯鲜奶","11","酒","1","礼盒酒","2","礼盒装普通白酒","泰山","泰山特曲五年陈33度礼盒500ml*2"
"1110271","10","烟酒纯鲜奶","11","烟","1","香烟","3","杭产烟","香格里拉","香格里拉藏秘青稞干白干红礼盒750ml*2"
"1110273","10","烟酒纯鲜奶","11","酒","1","礼盒酒","7","礼盒果酒","香格里拉","香格里拉藏秘雪山大礼盒750ml*2"
"1110276","10","烟酒纯鲜奶","11","烟","1","香烟","3","杭产烟","长城","长城蛇龙珠橡木桶2002干红礼盒750ml*2"
"1110279","10","烟酒纯鲜奶","11","酒","1","礼盒酒","2","礼盒装普通白酒","习郎","习郎头曲五年陈酿46度礼盒500ml*2"
"1110299","10","烟酒纯鲜奶","11","烟","1","香烟","3","杭产烟","张裕","张裕品丽珠干红葡萄酒礼盒750ml*2"
"1110300","10","烟酒纯鲜奶","11","烟","1","香烟","3","杭产烟","张裕","张裕品酒大师礼盒750ml*2"
"1110316","10","烟酒纯鲜奶","11","烟","1","香烟","3","杭产烟","王朝","王朝99特级干红礼盒葡萄酒750ml*2"
"1110317","10","烟酒纯鲜奶","11","酒","1","礼盒酒","2","礼盒装普通白酒","泸州老酒坊","泸州老酒坊吉祥大礼盒52%500ml*2"
"1110318","10","烟酒纯鲜奶","11","酒","1","礼盒酒","2","礼盒装普通白酒","泸州老酒坊","泸州老酒坊平安大礼盒52%500ml*2"
"1110332","10","烟酒纯鲜奶","11","烟","1","香烟","3","杭产烟","长城","长城高级干红葡萄酒礼盒珍藏版12度750ml*2"
"1110333","10","烟酒纯鲜奶","11","烟","1","香烟","3","杭产烟","威龙","威龙赤霞珠橡木桶陈酿干红葡萄酒750ml*2"
"1110365","10","烟酒纯鲜奶","11","烟","1","香烟","3","杭产烟","长城","长城橡木桶陈酿干红礼盒750ml*2"
"1110372","10","烟酒纯鲜奶","11","烟","1","香烟","1","进口烟","五粮液","五粮液十年50度500ml"
"1110385","10","烟酒纯鲜奶","11","烟","1","香烟","3","杭产烟","威龙","威龙绿色庄园干红葡萄酒礼盒750ml*2"
"1110388","10","烟酒纯鲜奶","11","烟","1","香烟","3","杭产烟","威龙","威龙橡木桶7年窖藏干红礼盒750ml*2"
"1110392","10","烟酒纯鲜奶","11","酒","1","礼盒酒","2","礼盒装普通白酒","五星习郎","五星习郎酒浓香型白酒礼盒46度500ml*2"
"1110396","10","烟酒纯鲜奶","11","酒","1","礼盒酒","2","礼盒装普通白酒","习郎","习郎陈酿头曲白酒42度礼盒500ml*2"
"1110401","10","烟酒纯鲜奶","11","酒","1","礼盒酒","2","礼盒装普通白酒","金六福","金六福如意大礼盒52度800ml(400ml*2)"
"1110403","10","烟酒纯鲜奶","11","酒","1","礼盒酒","2","礼盒装普通白酒","金六福","金六福福星双瓶小礼盒50度1L(500ml*2)"
"1110404","10","烟酒纯鲜奶","11","酒","1","礼盒酒","2","礼盒装普通白酒","金六福","金六福福星礼盒50度1L(500ml*2)"
"1110406","10","烟酒纯鲜奶","11","烟","1","香烟","4","省外烟","阿拉","阿拉老酒十年陈酿礼盒500ml*2"
"1110407","10","烟酒纯鲜奶","11","酒","1","礼盒酒","5","礼盒装滋补酒","黄金","黄金万圣酒35度480ml*2"
"1110413","10","烟酒纯鲜奶","11","烟","1","香烟","3","杭产烟","长城","长城干红葡萄酒流金岁月礼盒750ml*2"
"1110414","10","烟酒纯鲜奶","11","烟","1","香烟","3","杭产烟","香格里拉","香格里拉天籁高级赤霞珠礼盒750ml*2"
"1110415","10","烟酒纯鲜奶","11","烟","1","香烟","3","杭产烟","香格里拉","香格里拉尊尚大礼盒750ml*2"
"1110419","10","烟酒纯鲜奶","11","烟","1","香烟","1","进口烟","茅台","茅台盛世名流酒财源广进礼盒52度500ml*2"
"1110420","10","烟酒纯鲜奶","11","烟","1","香烟","1","进口烟","茅台","茅台盛世名流酒富贵满堂礼盒52度500ml*2"
"1110427","10","烟酒纯鲜奶","11","烟","1","香烟","3","杭产烟","香格里拉","香格里拉葡萄酒豪华大礼盒750ml*2"
"1110429","10","烟酒纯鲜奶","11","酒","1","礼盒酒","2","礼盒装普通白酒","金六福","金六福浓香型白酒幸福大礼盒52度500ml*2"
"1110441","10","烟酒纯鲜奶","11","烟","1","香烟","3","杭产烟","长城","长城葡萄酒盛世臻藏礼盒(750ml+375ml)*2"
"1110454","10","烟酒纯鲜奶","11","烟","1","香烟","3","杭产烟","张裕","张裕解百纳1937注册干红葡萄酒礼盒750ml*2"
"1110455","10","烟酒纯鲜奶","11","烟","1","香烟","3","杭产烟","张裕","张裕馆藏百年干红葡萄酒礼盒750ml*2"
"1110468","10","烟酒纯鲜奶","11","酒","1","礼盒酒","5","礼盒装滋补酒","黄金","黄金贵宾酒52度礼盒480ml*2"
"1110471","10","烟酒纯鲜奶","11","烟","1","香烟","1","进口烟","","百年富贵酒10年典藏52度礼盒500ml*2"
"1110472","10","烟酒纯鲜奶","11","烟","1","香烟","1","进口烟","","盛世名流酒(红盒)52度礼盒500ml*2"
"1110474","10","烟酒纯鲜奶","11","烟","1","香烟","1","进口烟","郎酒","郎酒幸福年华52度浓香型白酒礼盒500ml*2"
"1110475","10","烟酒纯鲜奶","11","烟","1","香烟","1","进口烟","郎酒","郎酒财溢人生52度浓香型白酒礼盒500ml*2"
"1110476","10","烟酒纯鲜奶","11","酒","1","礼盒酒","2","礼盒装普通白酒","泸州","泸州福来临送福52度浓香型白酒500ml*2"
"1110477","10","烟酒纯鲜奶","11","烟","1","香烟","1","进口烟","茅台","茅台家常春吉祥如意52度浓香型白酒500ml*2"
"1110479","10","烟酒纯鲜奶","11","烟","1","香烟","3","杭产烟","长城","长城美好生活干红葡萄酒礼盒750ml*2"
"1110484","10","烟酒纯鲜奶","11","烟","1","香烟","3","杭产烟","张裕","张裕干红葡萄酒11.5%礼盒750ml*2"
"1110488","10","烟酒纯鲜奶","11","烟","1","香烟","1","进口烟","郎酒","郎酒浓香御藏白酒礼盒52度600ml"
"1110490","10","烟酒纯鲜奶","11","酒","1","礼盒酒","2","礼盒装普通白酒","金六福","金六福白酒富贵大礼盒52度500ml*2"
"1110494","10","烟酒纯鲜奶","11","酒","1","礼盒酒","2","礼盒装普通白酒","郎酒","郎酒浓香型白酒如意礼盒50度500ml*2"
"1110495","10","烟酒纯鲜奶","11","烟","1","香烟","4","省外烟","阿拉老酒","阿拉十年陈酿老酒14%白瓷礼盒500ml*2"
"1110502","10","烟酒纯鲜奶","11","酒","1","礼盒酒","5","礼盒装滋补酒","劲牌","参茸劲酒38度礼盒500ml*2"
"1110507","10","烟酒纯鲜奶","11","烟","1","香烟","1","进口烟","普天同庆","普天同庆6年浓香型礼盒酒52度500ml*2"
"1110508","10","烟酒纯鲜奶","11","烟","1","香烟","1","进口烟","普天同庆","普天同庆(吉庆有余)8年礼盒酒52度500ml*2"
"1110520","10","烟酒纯鲜奶","11","酒","1","礼盒酒","2","礼盒装普通白酒","茅台醇","茅台醇福满缘浓香型白酒52度450ml*2"
"1110521","10","烟酒纯鲜奶","11","酒","1","礼盒酒","2","礼盒装普通白酒","茅台醇","茅台醇福临门浓香型白酒52度500ml*2"
"1110522","10","烟酒纯鲜奶","11","酒","1","礼盒酒","2","礼盒装普通白酒","茅台醇","茅台醇福酒(浓香型白酒)52度425ml*2"
"1110524","10","烟酒纯鲜奶","11","烟","1","香烟","3","杭产烟","长城","长城尚红解百纳干红葡萄酒750ml*2"
"1110525","10","烟酒纯鲜奶","11","烟","1","香烟","3","杭产烟","长城","长城盛世橡木桶干红葡萄酒750ml*2"
"1110526","10","烟酒纯鲜奶","11","烟","1","香烟","3","杭产烟","长城","长城五年梅鹿辄干红葡萄酒750ml*2"
"1110527","10","烟酒纯鲜奶","11","酒","1","礼盒酒","6","礼盒装进口酒","宝逸","宝逸美乐干红葡萄酒750ml*2"
"1110529","10","烟酒纯鲜奶","11","酒","1","礼盒酒","2","礼盒装普通白酒","金六福","金六福六福临门50度白酒礼盒500ml*2+250ml"
"1110531","10","烟酒纯鲜奶","11","酒","1","礼盒酒","2","礼盒装普通白酒","满天香","满天香赖茅酱香型白酒礼盒53度500ml*2"
"1110533","10","烟酒纯鲜奶","11","酒","1","礼盒酒","2","礼盒装普通白酒","茅台醇","茅台醇8浓香型白酒礼盒52度500ml*2"
"1110534","10","烟酒纯鲜奶","11","酒","1","礼盒酒","2","礼盒装普通白酒","泸州老窖","泸州老窖贵礼52度浓香型白酒礼盒500ml*2"
"1110535","10","烟酒纯鲜奶","11","酒","1","礼盒酒","2","礼盒装普通白酒","财源滚滚","财源滚滚30典藏浓香型礼盒酒45度480ml*2"
"1110536","10","烟酒纯鲜奶","11","酒","1","礼盒酒","2","礼盒装普通白酒","利波","利波汉室赖茅酱香型白酒礼盒53度500ml*2"
"1110537","10","烟酒纯鲜奶","11","酒","1","礼盒酒","2","礼盒装普通白酒","泸州老窖","泸州老窖名酿五年浓香型白酒52度500ml*2"
"1120101","10","烟酒纯鲜奶","11","烟","2","香烟","1","进口烟","茅台","飞天茅台酒38度500ml"
"1120111","10","烟酒纯鲜奶","11","烟","2","香烟","1","进口烟","茅台","飞天茅台酒53度500ml"
"1120119","10","烟酒纯鲜奶","11","烟","4","香烟","4","省外烟","郑万利","郑万利二锅香28度3L"
"1120129","10","烟酒纯鲜奶","11","酒","4","礼盒酒","5","礼盒装滋补酒","郑万利","郑万利糟烧43度3L"
"1120138","10","烟酒纯鲜奶","11","酒","4","礼盒酒","6","礼盒装进口酒","女儿红","女儿红特制糟烧50度3L"
"1120149","10","烟酒纯鲜奶","11","烟","4","香烟","3","杭产烟","红星","红星牌普通二锅头56度500ml"
"1120172","10","烟酒纯鲜奶","11","烟","4","香烟","4","省外烟","郑万利","郑万利米烧醇28度2.5L"
"1120179","10","烟酒纯鲜奶","11","酒","4","礼盒酒","5","礼盒装滋补酒","会稽山","会稽山东风汗烧45度2.5L"
"1120180","10","烟酒纯鲜奶","11","酒","4","礼盒酒","5","礼盒装滋补酒","会稽山","会稽山东风糟烧42度2.5L"
"1120213","10","烟酒纯鲜奶","11","烟","4","香烟","4","省外烟","郑万利","郑万利杨梅酒1.8L"
"1120271","10","烟酒纯鲜奶","11","酒","3","礼盒酒","2","礼盒装普通白酒","小糊涂","云峰小糊涂仙酒38度500ml"
"1120299","10","烟酒纯鲜奶","11","酒","3","礼盒酒","2","礼盒装普通白酒","茅台","茅台迎宾酒43度500ml"
"1120302","10","烟酒纯鲜奶","11","烟","2","香烟","3","杭产烟","剑南春","剑南春酒52度500ml"
"1120303","10","烟酒纯鲜奶","11","烟","2","香烟","3","杭产烟","剑南春","剑南春酒38度500ml"
"1120309","10","烟酒纯鲜奶","11","酒","3","礼盒酒","2","礼盒装普通白酒","泸州","泸州精品古酒38度500ml"
"1120310","10","烟酒纯鲜奶","11","烟","3","香烟","3","杭产烟","泸州","泸州精品古酒52度500ml"
"1120312","10","烟酒纯鲜奶","11","烟","3","香烟","3","杭产烟","泸州","泸州中国结古酒52度475ml"
"1120314","10","烟酒纯鲜奶","11","酒","2","礼盒酒","2","礼盒装普通白酒","五粮液","五粮液酒68度500ml"
"1120317","10","烟酒纯鲜奶","11","酒","2","礼盒酒","2","礼盒装普通白酒","五粮液","五粮液酒39度500ml"
"1120318","10","烟酒纯鲜奶","11","酒","2","礼盒酒","2","礼盒装普通白酒","五粮液","五粮液酒52度500ml"
"1120324","10","烟酒纯鲜奶","11","酒","2","礼盒酒","2","礼盒装普通白酒","五粮液","五粮液浓香型白酒45度500ml"
"1120327","10","烟酒纯鲜奶","11","酒","2","礼盒酒","2","礼盒装普通白酒","五粮液","五粮液1618酒52度500ml"
"1130022","10","烟酒纯鲜奶","11","烟","5","香烟","3","杭产烟","王朝","王朝半干白葡萄酒750ml"
"1130030","10","烟酒纯鲜奶","11","烟","5","香烟","1","进口烟","王朝","王朝干红葡萄酒750ml"
"1130052","10","烟酒纯鲜奶","11","酒","5","礼盒酒","2","礼盒装普通白酒","威龙","威龙樽杯红葡萄酒1L"
"1130060","10","烟酒纯鲜奶","11","烟","5","香烟","4","省外烟","威龙","威龙天然白葡萄酒1L"
"1130080","10","烟酒纯鲜奶","11","烟","5","香烟","1","进口烟","威龙","威龙""世纪""干红葡萄酒750ml"
"1130124","10","烟酒纯鲜奶","11","酒","3","礼盒酒","2","礼盒装普通白酒","伊力","伊力牌伊力特曲36度500ml"
"1130140","10","烟酒纯鲜奶","11","烟","3","香烟","3","杭产烟","小糊涂","小糊涂仙酒52度250ml"
"1130252","10","烟酒纯鲜奶","11","烟","3","香烟","3","杭产烟","伊力","精品伊力特曲52度500ml"
"1130260","10","烟酒纯鲜奶","11","酒","2","礼盒酒","6","礼盒装进口酒","水井坊","52度井台瓶水井坊500ml"
"1130269","10","烟酒纯鲜奶","11","烟","3","香烟","3","杭产烟","金六福","金六福六福人家酒52度500ml"
"1130270","10","烟酒纯鲜奶","11","酒","3","礼盒酒","2","礼盒装普通白酒","金六福","金六福六福人家酒38度500ml"
"1130281","10","烟酒纯鲜奶","11","酒","3","礼盒酒","2","礼盒装普通白酒","泰山","泰山特曲特制38度500ml"
"1130288","10","烟酒纯鲜奶","11","烟","3","香烟","3","杭产烟","金六福","金六福酒三星52度475ml"
"1130305","10","烟酒纯鲜奶","11","酒","3","礼盒酒","2","礼盒装普通白酒","习郎","习郎36度头曲500ml"
"1130311","10","烟酒纯鲜奶","11","烟","3","香烟","3","杭产烟","泸州","泸州老窖52度头曲浓香型白酒500ml"
"1130313","10","烟酒纯鲜奶","11","酒","3","礼盒酒","2","礼盒装普通白酒","泸州","泸州老窖38度头曲浓香型白酒500ml"
"1130327","10","烟酒纯鲜奶","11","酒","3","礼盒酒","2","礼盒装普通白酒","精制泸州","精制泸州御酒38%480ml"
"1130329","10","烟酒纯鲜奶","11","烟","3","香烟","3","杭产烟","精制泸州","精制泸州御酒52%480ml"
"1130333","10","烟酒纯鲜奶","11","烟","3","香烟","3","杭产烟","泸州御酒","泸州御酒八年陈52％500ml"
"1130334","10","烟酒纯鲜奶","11","酒","3","礼盒酒","2","礼盒装普通白酒","伊力","伊力特曲（精品）36％500ml"
"1130336","10","烟酒纯鲜奶","11","烟","3","香烟","3","杭产烟","伊力","伊力特曲52％500ml"
"1130339","10","烟酒纯鲜奶","11","酒","3","礼盒酒","2","礼盒装普通白酒","金六福","金六福酒（三星）38%475ml"
"1130346","10","烟酒纯鲜奶","11","酒","1","礼盒酒","2","礼盒装普通白酒","泰山特曲","泰山特曲特制礼盒38度500ml*2"
"1130359","10","烟酒纯鲜奶","12","烟","7","香烟","3","杭产烟","莹澄","莹澄纯净水550ml"
"1130360","10","烟酒纯鲜奶","11","烟","3","香烟","3","杭产烟","小糊涂仙","小糊涂仙酒52度500ml"
"1130365","10","烟酒纯鲜奶","11","烟","3","香烟","3","杭产烟","泸州","泸州老酒坊酒久香52度500ml"
"1130376","10","烟酒纯鲜奶","11","酒","3","礼盒酒","2","礼盒装普通白酒","泰山","泰山特曲五年陈33度500ml"
"1130386","10","烟酒纯鲜奶","11","烟","3","香烟","3","杭产烟","茅台","茅台王子酒53度500ml"
"1130387","10","烟酒纯鲜奶","11","烟","3","香烟","3","杭产烟","茅台","茅台迎宾酒53度500ml"
"1130388","10","烟酒纯鲜奶","11","酒","3","礼盒酒","2","礼盒装普通白酒","金六福","金六福红色金典38度500ml买一送一促销装"
"1130398","10","烟酒纯鲜奶","11","烟","3","香烟","3","杭产烟","金六福","金六福四星酒52度500ml"
"1130409","10","烟酒纯鲜奶","11","酒","3","礼盒酒","2","礼盒装普通白酒","茅台","茅台王子酒39度500ml"
"1130411","10","烟酒纯鲜奶","11","烟","3","香烟","3","杭产烟","泸州","泸州老酒坊地字坛(新包装)52度500ml"
"1130413","10","烟酒纯鲜奶","11","烟","3","香烟","3","杭产烟","金六福","金六福福星一星酒50度475ml"
"1130415","10","烟酒纯鲜奶","11","酒","3","礼盒酒","2","礼盒装普通白酒","金六福","金六福福星一星酒38度475ml"
"1130418","10","烟酒纯鲜奶","11","烟","3","香烟","3","杭产烟","金六福","金六福福星二星酒50度475ml"
"1130419","10","烟酒纯鲜奶","11","烟","3","香烟","3","杭产烟","泸州","泸州老酒坊喜字坛52度500ml"
"1130420","10","烟酒纯鲜奶","11","烟","3","香烟","3","杭产烟","泸州老窖","泸州老窖六年陈头曲酒52度500ml"
"1130421","10","烟酒纯鲜奶","11","酒","3","礼盒酒","2","礼盒装普通白酒","习郎","习郎原浆酒42度(浓香型)500ml*2"
"1130423","10","烟酒纯鲜奶","11","烟","3","香烟","3","杭产烟","小糊涂仙","精品小糊涂仙酒52度500ml"
"1130433","10","烟酒纯鲜奶","11","酒","3","礼盒酒","2","礼盒装普通白酒","泰山","泰山特曲酒五年陈(庆典)33度500ml"
"1130436","10","烟酒纯鲜奶","11","烟","3","香烟","3","杭产烟","金六福","金六福特曲浓香型白酒52度500ml"
"1130440","10","烟酒纯鲜奶","11","烟","3","香烟","3","杭产烟","洋河","洋河蓝色经典酒海之蓝绵柔型52度480ml"
"1130441","10","烟酒纯鲜奶","11","烟","3","香烟","3","杭产烟","洋河","洋河大曲绵柔型精制酒52度500ml"
"1130442","10","烟酒纯鲜奶","11","烟","3","香烟","3","杭产烟","洋河","洋河大曲蓝瓷酒浓香型52度480ml"
"1130449","10","烟酒纯鲜奶","11","烟","2","香烟","4","省外烟","老郎酒","老郎酒1956酱香型白酒53度500ml"
"1130456","10","烟酒纯鲜奶","11","烟","3","香烟","3","杭产烟","习郎","习郎52度三星浓香型白酒500ml*2"
"1130457","10","烟酒纯鲜奶","11","酒","3","礼盒酒","2","礼盒装普通白酒","习郎","习郎38度五星浓香型白酒500ml*2"
"1130460","10","烟酒纯鲜奶","11","烟","3","香烟","3","杭产烟","泸州","泸州福来临鸿福52度浓香型白酒500ml"
"1130463","10","烟酒纯鲜奶","11","烟","3","香烟","3","杭产烟","洋河大曲","洋河大曲52度优质青瓷绵柔型白酒500ml"
"1130464","10","烟酒纯鲜奶","11","酒","3","礼盒酒","2","礼盒装普通白酒","五粮醇","五粮醇淡雅42度浓香型白酒500ml"
"1130466","10","烟酒纯鲜奶","11","烟","3","香烟","3","杭产烟","五粮醇","五粮醇红淡雅50度浓香型白酒500ml"
"1130467","10","烟酒纯鲜奶","11","烟","3","香烟","3","杭产烟","豪门盛宴","豪门盛宴精品52度浓香型白酒500ml"
"1130469","10","烟酒纯鲜奶","11","烟","3","香烟","3","杭产烟","盛世名流","盛世名流浓香型白酒(珍品)52度500ml"
"1130472","10","烟酒纯鲜奶","11","烟","3","香烟","3","杭产烟","郎酒","郎酒五星贵宾绵柔浓香型50度500ml"
"1130473","10","烟酒纯鲜奶","11","烟","3","香烟","3","杭产烟","红星","红星陈酿原浆酒浓香型52度450ml"
"1130475","10","烟酒纯鲜奶","11","烟","3","香烟","3","杭产烟","泸州老窖","泸州老窖醇香和爽白酒52度500ml"
"1130476","10","烟酒纯鲜奶","11","烟","3","香烟","3","杭产烟","稻花香","稻花香稻花醇白酒52度500ml"
"1130477","10","烟酒纯鲜奶","11","烟","3","香烟","3","杭产烟","稻花香","稻花香红红火火白酒52度500ml"
"1130478","10","烟酒纯鲜奶","11","烟","3","香烟","3","杭产烟","稻花香","稻花香黄金宴白酒52度500ml"
"1130480","10","烟酒纯鲜奶","11","酒","3","礼盒酒","2","礼盒装普通白酒","稻花香","稻花香小瓶白酒42度125ml"
"1130481","10","烟酒纯鲜奶","11","酒","3","礼盒酒","2","礼盒装普通白酒","稻花香","稻花香小酒坊白酒45度500ml"
"1130482","10","烟酒纯鲜奶","11","烟","3","香烟","3","杭产烟","洋河","洋河蓝色经典天之蓝绵柔型酒52度480ml"
"1130483","10","烟酒纯鲜奶","11","烟","3","香烟","3","杭产烟","洋河","洋河陈年香酒53度500ml"
"1130484","10","烟酒纯鲜奶","11","烟","3","香烟","3","杭产烟","百年泸州老窖","百年泸州老窖窖龄30年白酒52度500ml"
"1130486","10","烟酒纯鲜奶","11","烟","3","香烟","1","进口烟","老郎酒","老郎酒酱香型白酒39度500ml"
"1130488","10","烟酒纯鲜奶","11","烟","3","香烟","3","杭产烟","老郎酒","老郎酒酱香型白酒53度500ml"
"1130491","10","烟酒纯鲜奶","11","酒","3","礼盒酒","2","礼盒装普通白酒","盛世名流","盛世名流佳品浓香型白酒46度450ml"
"1130495","10","烟酒纯鲜奶","11","烟","3","香烟","3","杭产烟","西凤","西凤御藏浓香型白酒52度500ml"
"1130496","10","烟酒纯鲜奶","11","烟","3","香烟","3","杭产烟","西凤","西凤绿尊御藏浓香型白酒52度500ml"
"1130497","10","烟酒纯鲜奶","11","烟","3","香烟","3","杭产烟","西凤","西凤好酒(绵雅浓香型白酒)52度500ml"
"1130498","10","烟酒纯鲜奶","11","烟","3","香烟","3","杭产烟","泸州","泸州天福祥云浓香型白酒52度480ml"
"1130499","10","烟酒纯鲜奶","11","烟","3","香烟","3","杭产烟","泸州","泸州天赋浓香型白酒52度480ml"
"1130502","10","烟酒纯鲜奶","11","烟","3","香烟","3","杭产烟","泸州","泸州陈酿浓香型白酒52度500ml"
"1130503","10","烟酒纯鲜奶","11","烟","3","香烟","3","杭产烟","洋河","洋河蓝色经典海之蓝绵柔型酒52度250ml"
"1130505","10","烟酒纯鲜奶","11","烟","3","香烟","3","杭产烟","泸州","泸州老窖名酿八年52度浓香型白酒500ml"
"1130506","10","烟酒纯鲜奶","11","烟","3","香烟","3","杭产烟","泸州","泸州老窖名酿五年52度浓香型白酒500ml"
"1130509","10","烟酒纯鲜奶","11","烟","3","香烟","3","杭产烟","泸州","泸州古酒陈年浓香型白酒52度500ml"
"1130510","10","烟酒纯鲜奶","11","烟","3","香烟","3","杭产烟","泸州","泸州古酒六年陈浓香型白酒52度500ml"
"1130511","10","烟酒纯鲜奶","11","烟","3","香烟","3","杭产烟","泸州","泸州古酒精品浓香型白酒52度500ml"
"1130512","10","烟酒纯鲜奶","11","烟","3","香烟","3","杭产烟","泸州","泸州陈年老窖六年浓香型白酒52度500ml"
"1130513","10","烟酒纯鲜奶","11","烟","3","香烟","3","杭产烟","泸州","泸州陈年老窖九年浓香型白酒52度500ml"
"1130515","10","烟酒纯鲜奶","11","酒","3","礼盒酒","2","礼盒装普通白酒","封坛玉液","封坛玉液30典藏浓香型白酒45度480ml"
"1130517","10","烟酒纯鲜奶","11","烟","3","香烟","3","杭产烟","金火爆","金火爆浓香型白酒52度500ml"
"1130518","10","烟酒纯鲜奶","11","烟","3","香烟","3","杭产烟","好火爆","好火爆浓香型白酒50度475ml"
"1130519","10","烟酒纯鲜奶","11","烟","3","香烟","3","杭产烟","福满天下","福满天下6典藏浓香型白酒52度500ml"
"1130520","10","烟酒纯鲜奶","11","烟","3","香烟","3","杭产烟","梦之樽","梦之樽红樽52度绵柔浓香型酒500ml"
"1130522","10","烟酒纯鲜奶","11","酒","3","礼盒酒","2","礼盒装普通白酒","梦之樽","梦之樽C3绵柔浓香型酒42度500ml"
"1130523","10","烟酒纯鲜奶","11","烟","3","香烟","3","杭产烟","满天香","满天香百年国珍十年窖龄酒50度500ml"
"1130524","10","烟酒纯鲜奶","11","烟","3","香烟","3","杭产烟","满天香","满天香百年国珍20年窖龄酒52度500ml"
"1130525","10","烟酒纯鲜奶","11","烟","3","香烟","3","杭产烟","郎牌","郎牌特曲T3浓香型白酒50度500ml"
"1130526","10","烟酒纯鲜奶","11","烟","3","香烟","3","杭产烟","郎牌","郎牌特曲T6浓香型白酒50度500ml"
"1130527","10","烟酒纯鲜奶","11","烟","3","香烟","3","杭产烟","郎酒","郎酒四星贵宾郎浓香型白酒50度500ml"
"1140021","10","烟酒纯鲜奶","11","酒","8","礼盒酒","2","礼盒装普通白酒","致中和","致中和五加皮精制38度500ML"
"1140028","10","烟酒纯鲜奶","11","酒","8","礼盒酒","2","礼盒装普通白酒","中国劲酒","中国劲酒35度125ml"
"1140034","10","烟酒纯鲜奶","11","烟","7","香烟","1","进口烟","古越龙山","古越龙山陈年加饭16.5度500ml（热缩套）"
"1140037","40","烟酒纯鲜奶","42","烟","1","香烟","4","省外烟","钱湖","钱湖加饭酒袋装350ml"
"1140038","10","烟酒纯鲜奶","11","烟","7","香烟","1","进口烟","古越龙山","古越龙山陈年加饭酒16.5度600ml"
"1140039","10","烟酒纯鲜奶","11","酒","7","礼盒酒","2","礼盒装普通白酒","古越龙山","古越龙山三年陈花雕酒640ml"
"1140040","10","烟酒纯鲜奶","11","酒","7","礼盒酒","2","礼盒装普通白酒","古越龙山","古越龙山三年陈加饭酒640ml"
"1140056","10","烟酒纯鲜奶","11","烟","1","香烟","4","省外烟","女儿红","女儿红陈年绍兴酒礼盒600ML*2"
"1140074","40","烟酒纯鲜奶","42","烟","1","香烟","4","省外烟","益民","益民料酒350ml"
"1140087","10","烟酒纯鲜奶","11","酒","7","礼盒酒","5","礼盒装滋补酒","生龙","生龙孝感米酒350克"
"1140100","10","烟酒纯鲜奶","11","烟","6","香烟","1","进口烟","喜力","喜力啤酒(拉罐)330ml"
"1140101","10","烟酒纯鲜奶","11","烟","6","香烟","3","杭产烟","喜力","喜力啤酒330ml瓶装"
"1140107","10","烟酒纯鲜奶","11","烟","6","香烟","1","进口烟","蓝带","蓝带啤酒11度拉罐330ml"
"1140112","10","烟酒纯鲜奶","11","烟","6","香烟","1","进口烟","百威","百威啤酒拉罐330ml"
"1140266","10","烟酒纯鲜奶","11","烟","8","香烟","1","进口烟","椰岛","椰岛鹿龟酒33度(二年陈酿）500ml"
"1140272","10","烟酒纯鲜奶","11","酒","1","礼盒酒","5","礼盒装滋补酒","椰岛","椰岛鹿龟酒33度（二年陈酿）礼盒500ml*2"
"1140294","10","烟酒纯鲜奶","11","酒","4","礼盒酒","5","礼盒装滋补酒","郑万利","P郑万利宁波特曲35度2.5L"
"1140296","10","烟酒纯鲜奶","11","烟","4","香烟","4","省外烟","舜龙","舜龙青梅酒1.5L"
"1140298","10","烟酒纯鲜奶","11","酒","4","礼盒酒","6","礼盒装进口酒","红星","红星二锅头酒52度2L"
"1140313","10","烟酒纯鲜奶","11","酒","4","礼盒酒","6","礼盒装进口酒","红星","红星二锅头酒60度2L"
"1140321","10","烟酒纯鲜奶","11","酒","4","礼盒酒","6","礼盒装进口酒","甬江","甬江宁波大曲50度1L"
"1140323","10","烟酒纯鲜奶","11","酒","4","礼盒酒","5","礼盒装滋补酒","甬江","甬江45度老酒汗2L"
"1140337","10","烟酒纯鲜奶","11","酒","4","礼盒酒","5","礼盒装滋补酒","古越龙山","古越龙山陈年烧酒42度2.5L"
"1140353","10","烟酒纯鲜奶","11","酒","4","礼盒酒","5","礼盒装滋补酒","郑万利","郑万利纯酿陈年烧酒2.5L"
"1140393","10","烟酒纯鲜奶","11","酒","4","礼盒酒","6","礼盒装进口酒","泸州","泸州红高梁酒52度2L"
"1140395","10","烟酒纯鲜奶","11","烟","4","香烟","3","杭产烟","红星","红星二锅头酒52度100ml"
"1140396","10","烟酒纯鲜奶","11","烟","4","香烟","3","杭产烟","红星","红星窖藏二锅头酒50度500ml"
"1140397","10","烟酒纯鲜奶","11","烟","4","香烟","1","进口烟","舜龙","舜龙梅酒12度355ml"
"1140398","10","烟酒纯鲜奶","11","烟","4","香烟","1","进口烟","舜龙","舜龙梅酒7度355ml"
"1140399","10","烟酒纯鲜奶","11","酒","4","礼盒酒","2","礼盒装普通白酒","金六福","金六福小三星酒38度125ml"
"1140400","10","烟酒纯鲜奶","11","酒","4","礼盒酒","2","礼盒装普通白酒","竹叶青","竹叶青酒38度100ml"
"1140401","10","烟酒纯鲜奶","11","酒","4","礼盒酒","2","礼盒装普通白酒","竹叶青","竹叶青酒38度475ml"
"1140402","10","烟酒纯鲜奶","11","烟","4","香烟","3","杭产烟","尖庄","尖庄曲酒52度500ml"
"1140403","10","烟酒纯鲜奶","11","烟","4","香烟","3","杭产烟","绵竹","绵竹大曲浓香型白酒52度500ml"
"1140405","10","烟酒纯鲜奶","11","酒","4","礼盒酒","2","礼盒装普通白酒","绵竹","绵竹大曲浓香型白酒38度500ml"
"1140423","10","烟酒纯鲜奶","11","酒","4","礼盒酒","5","礼盒装滋补酒","郑万利","郑万利特制糟烧白酒40度5L"
"1140425","10","烟酒纯鲜奶","11","酒","4","礼盒酒","6","礼盒装进口酒","郑万利","郑万利特制糟烧白酒50度5L"
"1140426","10","烟酒纯鲜奶","11","酒","4","礼盒酒","6","礼盒装进口酒","郑万利","郑万利糟烧王白酒50度2.5L"
"1140427","10","烟酒纯鲜奶","11","酒","7","礼盒酒","2","礼盒装普通白酒","郑万利","郑万利特醇三年加饭酒4L"
"1140428","10","烟酒纯鲜奶","11","酒","4","礼盒酒","6","礼盒装进口酒","泸州","泸州老白干酒52度2.5L"
"1140430","10","烟酒纯鲜奶","11","酒","4","礼盒酒","2","礼盒装普通白酒","红星","红星二锅头酒八年陈酿43度250ml"
"1140432","10","烟酒纯鲜奶","11","烟","4","香烟","3","杭产烟","红星","红星二锅头酒八年陈酿53度750ml"
"1140434","10","烟酒纯鲜奶","11","酒","4","礼盒酒","2","礼盒装普通白酒","红星","红星二锅头酒八年陈酿43度500ml"
"1140436","10","烟酒纯鲜奶","11","酒","4","礼盒酒","6","礼盒装进口酒","红星","红星古鐘二锅头酒53度2L"
"1140438","10","烟酒纯鲜奶","11","烟","4","香烟","3","杭产烟","红星","红星古鐘二锅头酒53度500ml"
"1140439","10","烟酒纯鲜奶","11","烟","4","香烟","3","杭产烟","红星","红星古鐘二锅头酒53度100ml"
"1140440","10","烟酒纯鲜奶","11","烟","4","香烟","3","杭产烟","尖庄","尖庄浓香型白酒50度475ml"
"1140442","10","烟酒纯鲜奶","11","酒","4","礼盒酒","2","礼盒装普通白酒","尖庄","尖庄浓香型白酒39度475ml"
"1140444","10","烟酒纯鲜奶","11","酒","4","礼盒酒","6","礼盒装进口酒","尖庄","尖庄浓香型白酒50度1.35L"
"1140446","10","烟酒纯鲜奶","11","酒","4","礼盒酒","5","礼盒装滋补酒","尖庄","尖庄浓香型白酒39度1.35L"
"1140447","10","烟酒纯鲜奶","11","酒","4","礼盒酒","2","礼盒装普通白酒","泸州老窖","泸州老窖二曲酒浓香型白酒45度125ml"
"1140449","10","烟酒纯鲜奶","11","烟","4","香烟","3","杭产烟","泸州老窖","泸州老窖二曲酒浓香型白酒52度500ml"
"1140450","10","烟酒纯鲜奶","11","酒","4","礼盒酒","6","礼盒装进口酒","红星","红星古钟二锅头酒60度2L"
"1140451","10","烟酒纯鲜奶","11","酒","4","礼盒酒","2","礼盒装普通白酒","洋河","洋河普曲酒42度475ml"
"1140452","10","烟酒纯鲜奶","11","烟","4","香烟","3","杭产烟","泸州老窖","泸州老窖蓝标二曲浓香型白酒52度500ml"
"1140454","10","烟酒纯鲜奶","11","酒","4","礼盒酒","2","礼盒装普通白酒","泸州老窖","泸州老窖老乡酒浓香型白酒45度450ml"
"1140455","10","烟酒纯鲜奶","11","酒","4","礼盒酒","2","礼盒装普通白酒","红星","红星二锅头酒淡雅型45度248ml"
"1140456","10","烟酒纯鲜奶","11","酒","4","礼盒酒","2","礼盒装普通白酒","竹叶青","竹叶青露酒38度500ml"
"1140457","10","烟酒纯鲜奶","11","烟","4","香烟","3","杭产烟","劲牌","劲牌枫林纯谷酒50度125ml"
"1140458","10","烟酒纯鲜奶","11","酒","4","礼盒酒","2","礼盒装普通白酒","红星","红星北京浓香型白酒42度500ml"
"1140459","10","烟酒纯鲜奶","11","酒","4","礼盒酒","2","礼盒装普通白酒","枝江","枝江浓香风味白酒45度125ml"
"1140461","10","烟酒纯鲜奶","11","烟","4","香烟","3","杭产烟","枝江","枝江精制大曲浓香风味白酒52度480ml"
"1140463","10","烟酒纯鲜奶","11","酒","4","礼盒酒","2","礼盒装普通白酒","枝江","枝江特曲浓香风味白酒45度480ml"
"1140465","10","烟酒纯鲜奶","11","烟","4","香烟","3","杭产烟","枝江","枝江特酿浓香型酒42度480ml"
"1140467","10","烟酒纯鲜奶","11","酒","4","礼盒酒","2","礼盒装普通白酒","枝江","枝江浓香风味白酒50度1.5L"
"1140468","10","烟酒纯鲜奶","11","酒","4","礼盒酒","6","礼盒装进口酒","泸州","泸州老白干酒52度5L"
"1140469","10","烟酒纯鲜奶","11","酒","4","礼盒酒","6","礼盒装进口酒","鉴湖","鉴湖陈年老熟糟烧50度3L"
"1140470","10","烟酒纯鲜奶","11","酒","4","礼盒酒","6","礼盒装进口酒","女儿红","女儿红糟烧白酒50度3L"
"1150013","10","烟酒纯鲜奶","12","烟","7","香烟","1","进口烟","农夫山泉","农夫山泉普装饮用水550ml"
"1150019","10","烟酒纯鲜奶","12","酒","7","礼盒酒","2","礼盒装普通白酒","农夫山泉","农夫山泉天然水4L"
"1150043","10","烟酒纯鲜奶","12","烟","7","香烟","3","杭产烟","娃哈哈","娃哈哈纯净水596ml"
"1150054","10","烟酒纯鲜奶","12","酒","7","礼盒酒","2","礼盒装普通白酒","农夫山泉","农夫山泉饮用天然水1.5L"
"1150058","10","烟酒纯鲜奶","12","烟","7","香烟","1","进口烟","农夫山泉","农夫山泉饮用天然水380ml"
"1150062","10","烟酒纯鲜奶","11","烟","5","香烟","1","进口烟","王朝","王朝（津禧）干红葡萄酒750ml"
"1150118","10","烟酒纯鲜奶","11","烟","5","香烟","1","进口烟","王朝","王朝解百纳干红葡萄酒750ml"
"1150213","10","烟酒纯鲜奶","11","烟","5","香烟","1","进口烟","王朝","王朝特级干红葡萄酒750ml"
"1150220","10","烟酒纯鲜奶","11","烟","5","香烟","1","进口烟","长城","长城橡木桶陈酿干红葡萄酒750ml"
"1150221","10","烟酒纯鲜奶","11","烟","5","香烟","1","进口烟","威龙","威龙橡木桶陈酿赤霞珠干红葡萄酒750ml"
"1150222","10","烟酒纯鲜奶","11","酒","5","葡萄酒、果酒、香槟酒","8","香槟酒","威龙","威龙起泡酒1.5L"
"1150248","10","烟酒纯鲜奶","11","烟","5","香烟","1","进口烟","香格里拉","香格里拉藏秘恒美干红葡萄酒750ml"
"1150253","10","烟酒纯鲜奶","11","烟","5","香烟","1","进口烟","香格里拉","香格里拉藏秘天籁干红套装750ml*2"
"1150254","10","烟酒纯鲜奶","11","酒","5","葡萄酒、果酒、香槟酒","9","国产白兰地","张裕","张裕特种金奖白兰地750ml"
"1150255","10","烟酒纯鲜奶","11","酒","5","葡萄酒、果酒、香槟酒","9","国产白兰地","张裕","张裕特种金奖白兰地110ml"
"1150257","10","烟酒纯鲜奶","11","烟","5","香烟","1","进口烟","张裕","张裕98赤霞珠干红葡萄酒750ml"
"1150259","10","烟酒纯鲜奶","11","烟","5","香烟","1","进口烟","张裕","张裕96解百纳干红750ml"
"1150265","10","烟酒纯鲜奶","11","酒","5","葡萄酒、果酒、香槟酒","9","国产白兰地","张裕","张裕三星金奖白兰地700ml"
"1150271","10","烟酒纯鲜奶","11","烟","5","香烟","1","进口烟","王朝津禧","王朝津禧干红橡木桶葡萄酒750ml"
"1150275","10","烟酒纯鲜奶","11","烟","5","香烟","1","进口烟","烟台长城","烟台长城纯正橡木桶干红葡萄酒750ml"
"1150278","10","烟酒纯鲜奶","11","烟","5","香烟","1","进口烟","威龙","威龙金版橡木桶干红葡萄酒750ml"
"1150311","10","烟酒纯鲜奶","11","烟","5","香烟","1","进口烟","长城","长城解百纳干红葡萄酒12.5度750ml"
"1150312","10","烟酒纯鲜奶","11","烟","5","香烟","3","杭产烟","威龙","威龙干白葡萄酒金版橡木桶陈酿750ml"
"1150315","10","烟酒纯鲜奶","11","烟","5","香烟","1","进口烟","张裕","张裕窖藏24个月橡木桶干红葡萄酒750ml"
"1150320","10","烟酒纯鲜奶","11","烟","5","香烟","1","进口烟","王朝","王朝庄园橡木桶干红葡萄酒12度750ml"
"1150324","10","烟酒纯鲜奶","11","烟","5","香烟","3","杭产烟","香格里拉","香格里拉大藏秘9度青稞干白酒750ml"
"1150326","10","烟酒纯鲜奶","11","酒","5","礼盒酒","7","礼盒果酒","香格里拉","香格里拉大藏秘9度青稞干红750ml"
"1150338","10","烟酒纯鲜奶","11","烟","5","香烟","1","进口烟","香格里拉","香格里拉赤霞珠橡木桶陈酿干红750ml"
"1150340","10","烟酒纯鲜奶","11","烟","5","香烟","1","进口烟","威龙","威龙1994赤霞珠橡木桶陈酿干红葡萄750ml"
"1150343","10","烟酒纯鲜奶","11","烟","5","香烟","1","进口烟","张裕","张裕窖藏橡木桶干红葡萄酒750ml"
"1150360","10","烟酒纯鲜奶","11","烟","5","香烟","1","进口烟","威龙","威龙解百纳干红葡萄酒92珍藏版(木盒)750ml"
"1150361","10","烟酒纯鲜奶","11","烟","5","香烟","3","杭产烟","长城","长城干白葡萄酒750ml"
"1150362","10","烟酒纯鲜奶","11","烟","5","香烟","1","进口烟","长城","长城干红葡萄酒(出口型)750ml"
"1150364","10","烟酒纯鲜奶","11","烟","5","香烟","3","杭产烟","长城","长城莎当妮干白葡萄酒橡木桶陈酿750ml"
"1150366","10","烟酒纯鲜奶","11","烟","5","香烟","1","进口烟","香格里拉","香格里拉特制干红葡萄酒750ml"
"1150368","10","烟酒纯鲜奶","11","烟","5","香烟","1","进口烟","烟台长城","烟台长城北纬37优选解佰纳干红葡萄酒750ml"
"1150369","10","烟酒纯鲜奶","11","烟","5","香烟","1","进口烟","烟台长城","烟台长城北纬37特选解佰纳干红葡萄酒750ml"
"1150370","10","烟酒纯鲜奶","11","烟","5","香烟","1","进口烟","香格里拉","香格里拉精制干红葡萄酒750ml"
"1150377","10","烟酒纯鲜奶","11","烟","5","香烟","1","进口烟","长城","长城干红葡萄酒(解百纳)750ml"
"1150380","10","烟酒纯鲜奶","11","烟","5","香烟","3","杭产烟","长城","长城干白葡萄酒(莎当妮)750ml"
"1150381","10","烟酒纯鲜奶","11","烟","5","香烟","1","进口烟","王朝","王朝金装干红葡萄酒750ml"
"1150382","10","烟酒纯鲜奶","11","烟","5","香烟","1","进口烟","威龙","威龙93珍藏蛇龙珠干红葡萄酒750ml"
"1150383","10","烟酒纯鲜奶","11","烟","5","香烟","1","进口烟","香格里拉","香格里拉窖藏干红葡萄酒750ml(圆筒)"
"1150387","10","烟酒纯鲜奶","11","烟","5","香烟","1","进口烟","长城","长城解百纳橡木桶陈酿干红葡萄酒750ml"
"1150388","10","烟酒纯鲜奶","11","烟","5","香烟","1","进口烟","长城","长城品丽珠橡木桶陈酿干红葡萄酒750ml"
"1150395","10","烟酒纯鲜奶","11","烟","5","香烟","3","杭产烟","张裕","张裕窖藏橡木桶干白葡萄酒750ml"
"1150398","10","烟酒纯鲜奶","11","烟","5","香烟","3","杭产烟","王朝","王朝9度干白葡萄酒750ml"
"1150402","10","烟酒纯鲜奶","11","烟","5","香烟","1","进口烟","茅台","茅台干红葡萄酒750ml"
"1150403","10","烟酒纯鲜奶","11","烟","5","香烟","1","进口烟","王朝","王朝1999特级干红葡萄酒750ml"
"1150404","10","烟酒纯鲜奶","11","烟","5","香烟","1","进口烟","威龙","威龙98蛇龙珠橡木桶陈酿干红葡萄酒750ml"
"1150405","10","烟酒纯鲜奶","11","烟","5","香烟","1","进口烟","香格里拉","香格里拉天籁赤霞珠干红葡萄酒750ml"
"1150416","10","烟酒纯鲜奶","11","烟","5","香烟","1","进口烟","张裕","张裕干红葡萄酒750ml(佐餐级)"
"1150419","10","烟酒纯鲜奶","11","酒","5","礼盒酒","5","礼盒装滋补酒","卡斯特","卡斯特奥帝干红葡萄酒750ml"
"1150422","10","烟酒纯鲜奶","11","酒","5","礼盒酒","5","礼盒装滋补酒","卡斯特","卡斯特奥帝波尔多干红葡萄酒750ml"
"1150430","10","烟酒纯鲜奶","11","烟","5","香烟","1","进口烟","长城","长城御秘解百纳干红葡萄酒12.5%750ml"
"1150431","10","烟酒纯鲜奶","11","烟","5","香烟","3","杭产烟","王朝","王朝津禧半干白葡萄酒750ml"
"1150437","10","烟酒纯鲜奶","11","烟","5","香烟","1","进口烟","张裕","张裕金色葡园干红葡萄酒750ml"
"1150438","10","烟酒纯鲜奶","11","酒","5","礼盒酒","5","礼盒装滋补酒","CASTEL","CASTEL瓦伦堡美乐干红葡萄酒750ml"
"1150440","10","烟酒纯鲜奶","11","酒","5","礼盒酒","5","礼盒装滋补酒","CASTEL","CASTEL瓦伦堡玛利干红葡萄酒750ml"
"1150445","10","烟酒纯鲜奶","11","烟","5","香烟","1","进口烟","香格里拉","香格里拉珍藏级橡木桶干红葡萄酒750ml"
"1150448","10","烟酒纯鲜奶","11","烟","5","香烟","1","进口烟","长城","长城御秘解百纳干红葡萄酒750ml*6"
"1150450","10","烟酒纯鲜奶","11","烟","5","香烟","1","进口烟","张裕","张裕窖藏干红葡萄酒(优选级)750ml"
"1150451","10","烟酒纯鲜奶","11","烟","5","香烟","1","进口烟","张裕","张裕金版橡木桶干红葡萄酒750ml"
"1150457","10","烟酒纯鲜奶","11","烟","5","香烟","1","进口烟","王朝","王朝94赤霞珠橡木桶红葡萄酒750ml"
"1150459","10","烟酒纯鲜奶","11","烟","5","香烟","3","杭产烟","王朝","王朝94霞多丽橡木桶白葡萄酒750ml"
"1150460","10","烟酒纯鲜奶","11","烟","5","香烟","1","进口烟","长城","长城天赋解百纳干红葡萄酒750ml"
"1150461","10","烟酒纯鲜奶","11","烟","5","香烟","1","进口烟","长城","长城经典解百纳干红葡萄酒750ml"
"1150463","10","烟酒纯鲜奶","11","烟","5","香烟","1","进口烟","长城","长城精品解百纳干红木盒750ml*6"
"1150464","10","烟酒纯鲜奶","11","烟","5","香烟","1","进口烟","香格里拉","香格里拉有机干红葡萄酒750ml"
"1150465","10","烟酒纯鲜奶","11","烟","5","香烟","1","进口烟","长城","长城出口型蛇龙珠干红葡萄酒750ml"
"1150466","10","烟酒纯鲜奶","11","烟","5","香烟","3","杭产烟","长城","长城特级莎当妮干白葡萄酒750ml"
"1160007","10","烟酒纯鲜奶","12","酒","1","礼盒酒","2","礼盒装普通白酒","可口可乐","可口可乐1.25升"
"1160016","10","烟酒纯鲜奶","12","烟","1","香烟","1","进口烟","可口可乐","可口可乐2L"
"1160020","10","烟酒纯鲜奶","12","酒","2","礼盒酒","2","礼盒装普通白酒","雪碧","雪碧汽水1.25L"
"1160031","10","烟酒纯鲜奶","12","烟","2","香烟","1","进口烟","雪碧","雪碧2L"
"1160034","10","烟酒纯鲜奶","12","烟","3","香烟","1","进口烟","芬达","芬达汽水1.25L"
"1160052","10","烟酒纯鲜奶","12","烟","3","香烟","3","杭产烟","醒目","醒目西瓜汁500ml"
"1160113","10","烟酒纯鲜奶","11","烟","6","香烟","1","进口烟","蓝狮 ","蓝狮超纯啤酒8度500ml"
"1160131","10","烟酒纯鲜奶","11","烟","6","香烟","1","进口烟","蓝狮","蓝狮超纯啤酒11度330ml"
"1160174","10","烟酒纯鲜奶","11","酒","6","礼盒酒","2","礼盒装普通白酒","大梁山","大梁山7°啤酒500ml"
"1160183","10","烟酒纯鲜奶","11","烟","6","香烟","1","进口烟","雪花","雪花勇闯天涯8度罐装啤酒330ml"
"1160198","10","烟酒纯鲜奶","11","烟","6","香烟","1","进口烟","蓝带","蓝带啤酒超爽型8度330ml"
"1160203","10","烟酒纯鲜奶","11","酒","6","礼盒酒","2","礼盒装普通白酒","哈尔滨","哈尔滨冰纯啤酒600ml"
"1160217","10","烟酒纯鲜奶","11","烟","6","香烟","1","进口烟","千岛湖","千岛湖8度绿色冰爽啤酒330ml"
"1160219","10","烟酒纯鲜奶","11","烟","6","香烟","1","进口烟","千岛湖","千岛湖8度生态源啤酒350ml"
"1160228","10","烟酒纯鲜奶","11","烟","6","香烟","1","进口烟","青岛","青岛啤酒11度(醇厚听)330ml"
"1160231","10","烟酒纯鲜奶","11","烟","6","香烟","1","进口烟","雪花","雪花拉罐啤酒（精制）330ml"
"1160240","10","烟酒纯鲜奶","11","烟","6","香烟","1","进口烟","雪花","雪花清爽8度拉罐啤酒330ml"
"1160248","10","烟酒纯鲜奶","11","烟","6","香烟","1","进口烟","青岛","青岛啤酒淡爽型8度330ml"
"1160249","10","烟酒纯鲜奶","11","烟","6","香烟","1","进口烟","哈尔滨","哈尔滨冰纯啤酒罐装330ml"
"1160250","10","烟酒纯鲜奶","11","烟","6","香烟","1","进口烟","蓝带","蓝带啤酒11度军罐330ml"
"1160252","10","烟酒纯鲜奶","11","烟","6","香烟","1","进口烟","蓝带","蓝带啤酒北美淡爽10度330ml*6罐"
"1160337","10","烟酒纯鲜奶","11","烟","6","香烟","1","进口烟","哈尔滨","哈尔滨冰纯啤酒罐装500ml"
"1160338","10","烟酒纯鲜奶","11","烟","6","香烟","1","进口烟","蓝贝","蓝贝菠萝啤饮料330ml"
"1160346","10","烟酒纯鲜奶","11","烟","6","香烟","1","进口烟","哈尔滨","哈尔滨冰畅啤酒罐装330ml"
"1160355","10","烟酒纯鲜奶","11","烟","6","香烟","1","进口烟","KK","KK啤酒7度拉罐礼盒330ml*12"
"1160356","10","烟酒纯鲜奶","11","烟","6","香烟","1","进口烟","KK","KK啤酒7度拉罐330ml"
"1160359","10","烟酒纯鲜奶","11","烟","6","香烟","1","进口烟","哈尔滨","哈尔滨冰爽啤酒9度拉罐330ml*6罐"
"1160361","10","烟酒纯鲜奶","11","烟","6","香烟","1","进口烟","青岛","青岛啤酒冰醇8度拉罐330ml"
"1160362","10","烟酒纯鲜奶","11","烟","6","香烟","1","进口烟","青岛","青岛啤酒淡爽8度拉罐500ml"
"1160363","10","烟酒纯鲜奶","11","烟","6","香烟","1","进口烟","千岛湖","千岛湖啤酒超爽8度330ml*6罐"
"1160374","10","烟酒纯鲜奶","11","烟","6","香烟","1","进口烟","哈尔滨","哈尔滨小麦王啤酒3.6度500ml*3"
"1160376","10","烟酒纯鲜奶","11","烟","6","香烟","1","进口烟","青岛","青岛啤酒纯生8度罐装330ml"
"1160377","10","烟酒纯鲜奶","11","烟","6","香烟","1","进口烟","青岛","青岛啤酒8度罐装330ml"
"1160379","10","烟酒纯鲜奶","11","烟","6","香烟","4","省外烟","青岛","青岛啤酒11度瓶装296ml"
"1160381","10","烟酒纯鲜奶","11","烟","6","香烟","1","进口烟","青岛","青岛啤酒1903奥古特12度罐装500ml"
"1160382","10","烟酒纯鲜奶","11","烟","6","香烟","1","进口烟","青岛","青岛山水啤酒8度罐装330ml*6"
"1160383","10","烟酒纯鲜奶","11","烟","6","香烟","1","进口烟","青岛","青岛啤酒11度330ml*6罐"
"1160384","10","烟酒纯鲜奶","11","酒","6","礼盒酒","2","礼盒装普通白酒","雪花","雪花啤酒纯爽瓶装8度576ml"
"1160386","10","烟酒纯鲜奶","11","烟","6","香烟","1","进口烟","雪花","雪花啤酒勇闯天涯8度330ml(迷彩)"
"1160388","10","烟酒纯鲜奶","11","酒","6","礼盒酒","2","礼盒装普通白酒","雪花","雪花啤酒勇闯天涯8度500ml*4罐"
"1160390","10","烟酒纯鲜奶","11","烟","6","香烟","1","进口烟","雪花","雪花啤酒清爽8度330ml*6罐"
"1160391","10","烟酒纯鲜奶","11","酒","6","礼盒酒","2","礼盒装普通白酒","KK","KK金小麦啤酒7度580ml"
"1160395","10","烟酒纯鲜奶","11","烟","6","香烟","1","进口烟","千岛湖","千岛湖啤酒绿色冰爽8度330ml*6罐"
"1160396","10","烟酒纯鲜奶","11","烟","6","香烟","1","进口烟","百威","百威9.7度啤酒拉罐500ml"
"1160397","10","烟酒纯鲜奶","11","烟","6","香烟","1","进口烟","百威","百威8度纯生啤酒拉罐330ml"
"1160398","10","烟酒纯鲜奶","11","烟","6","香烟","1","进口烟","蓝狮","蓝狮超干啤酒11度拉罐330ml"
"1160399","10","烟酒纯鲜奶","11","烟","6","香烟","1","进口烟","蓝狮","蓝狮超干啤酒11度拉罐500ml"
"1160401","10","烟酒纯鲜奶","11","酒","6","礼盒酒","2","礼盒装普通白酒","青岛","青岛清爽啤酒8度600ml"
"1160403","10","烟酒纯鲜奶","11","酒","6","礼盒酒","2","礼盒装普通白酒","哈尔滨","哈尔滨冰爽啤酒9度瓶装580ml"
"1160404","10","烟酒纯鲜奶","11","烟","6","香烟","1","进口烟","青岛","青岛啤酒10度听装500ml"
"1160406","10","烟酒纯鲜奶","13","酒","2","礼盒酒","6","礼盒装进口酒","青岛","青岛啤酒8度罐装330ml"
"1160407","10","烟酒纯鲜奶","13","酒","2","葡萄酒、果酒、香槟酒","8","香槟酒","雪花","雪花啤酒纯爽8度500ml"
"1160408","10","烟酒纯鲜奶","11","烟","6","香烟","1","进口烟","红石梁","红石梁啤酒欢天7.58度500ml"
"1160409","10","烟酒纯鲜奶","12","饮料","5","果汁饮料","14","其他果汁饮料","大梁山","大梁山啤酒7度罐装330ml"
"1160410","10","烟酒纯鲜奶","11","酒","6","礼盒酒","2","礼盒装普通白酒","哈尔滨","哈尔滨冰爽啤酒9度瓶装580ml"
"1160411","10","烟酒纯鲜奶","11","烟","6","香烟","1","进口烟","雪花","雪花8度清爽啤酒500ml"
"1160412","10","烟酒纯鲜奶","11","烟","6","香烟","1","进口烟","雪花","雪花8度勇闯天涯啤酒330ml*6"
"1170014","10","烟酒纯鲜奶","12","烟","5","香烟","1","进口烟","椰树","椰树天然椰子汁245mL"
"1170018","10","烟酒纯鲜奶","12","烟","5","香烟","4","省外烟","露露","露露杏仁露240ml"
"1170037","10","烟酒纯鲜奶","12","酒","5","礼盒酒","2","礼盒装普通白酒","四洲","四洲粒粒橙汁饮品240ml"
"1170115","10","烟酒纯鲜奶","13","烟","1","香烟","1","进口烟","娃哈哈","娃哈哈AD钙奶饮料100ml*6"
"1170184","10","烟酒纯鲜奶","12","酒","4","礼盒酒","2","礼盒装普通白酒","红牛","红牛维生素功能饮料250ml"
"1170206","10","烟酒纯鲜奶","13","烟","2","香烟","1","进口烟","伊利","伊利纯牛奶250ml"
"1170231","50","烟酒纯鲜奶","50","烟","1","香烟","1","进口烟","光明","光明纯鲜牛奶980ml"
"1170235","10","烟酒纯鲜奶","13","烟","2","香烟","1","进口烟","光明","光明纯牛奶250ml"
"1170239","10","烟酒纯鲜奶","13","酒","2","礼盒酒","5","礼盒装滋补酒","伊利","伊利优酸乳乳饮料原味250ml"
"1170279","10","烟酒纯鲜奶","13","烟","1","香烟","1","进口烟","娃哈哈","娃哈哈AD钙奶饮料220ml*4"
"1170306","10","烟酒纯鲜奶","12","烟","5","香烟","1","进口烟","椰树","椰树天然椰子汁利乐包245ml*3"
"1170315","10","烟酒纯鲜奶","12","烟","5","香烟","3","杭产烟","汇源","汇源苹果汁1L"
"1170401","10","烟酒纯鲜奶","12","酒","8","礼盒酒","2","礼盒装普通白酒","康师傅","康师傅冰红茶500ml"
"1170406","10","烟酒纯鲜奶","12","烟","5","香烟","1","进口烟","椰树","椰树天然椰子汁利乐包1L"
"1170435","10","烟酒纯鲜奶","12","烟","5","香烟","1","进口烟","椰树","椰树天然椰子汁礼盒245ml*10"
"1170437","10","烟酒纯鲜奶","12","酒","5","礼盒酒","2","礼盒装普通白酒","汇源","汇源100%橙汁康美装1L"
"1170453","10","烟酒纯鲜奶","13","烟","2","香烟","3","杭产烟","伊利","伊利纯牛奶1L"
"1170458","10","烟酒纯鲜奶","12","烟","6","香烟","1","进口烟","惠尔康","惠尔康冬瓜茶果蔬味饮料248毫升"
"1170465","10","烟酒纯鲜奶","12","烟","8","香烟","3","杭产烟","康师傅","康师傅绿茶低糖500ml"
"1170490","10","烟酒纯鲜奶","13","烟","2","香烟","1","进口烟","蒙牛","蒙牛纯牛奶250ml"
"1170602","10","烟酒纯鲜奶","13","烟","1","香烟","4","省外烟","椰树","椰树豆奶242ml*3"
"1170719","10","烟酒纯鲜奶","11","烟","7","香烟","1","进口烟","古越龙山","古越龙山加饭3L"
"1170726","10","烟酒纯鲜奶","11","烟","7","香烟","3","杭产烟","郑万利","郑万利五年陈加饭2L"
"1170732","10","烟酒纯鲜奶","11","烟","7","香烟","4","省外烟","塔牌","塔牌八年陈酿花雕酒500ml"
"1170733","10","烟酒纯鲜奶","11","烟","7","香烟","1","进口烟","郑万利","P郑万利双加饭酒5L"
"1170736","10","烟酒纯鲜奶","11","酒","7","礼盒酒","5","礼盒装滋补酒","生龙","生龙佬米酒838克"
"1170745","10","烟酒纯鲜奶","11","酒","7","礼盒酒","2","礼盒装普通白酒","塔牌","塔牌三年陈花雕酒500ml"
"1170746","10","烟酒纯鲜奶","11","烟","7","香烟","3","杭产烟","塔牌","塔牌五年陈花雕酒特醇480ml"
"1170748","10","烟酒纯鲜奶","11","烟","7","香烟","3","杭产烟","女儿红","女儿红（青瓷瓶）1L"
"1170749","10","烟酒纯鲜奶","11","烟","1","香烟","4","省外烟","女儿红","女儿红绍兴酒八年陈酿礼盒500ml*2"
"1170753","10","烟酒纯鲜奶","11","酒","7","礼盒酒","5","礼盒装滋补酒","甬江","益民糯米酒2.5L"
"1170754","10","烟酒纯鲜奶","11","酒","7","礼盒酒","2","礼盒装普通白酒","甬江","益民三年陈酿加饭2.5L"
"1170792","10","烟酒纯鲜奶","11","酒","7","礼盒酒","5","礼盒装滋补酒","郑万利","郑万利纯生糯米酒2.5L"
"1170802","10","烟酒纯鲜奶","11","烟","7","香烟","3","杭产烟","古越龙山","古越龙山五年陈绍兴加饭500ml"
"1170812","10","烟酒纯鲜奶","11","烟","7","香烟","1","进口烟","塔牌","塔牌绍兴酒15.5度3L"
"1170880","10","烟酒纯鲜奶","11","烟","7","香烟","3","杭产烟","阿拉","阿拉老酒五年陈酿(扁瓶)330ml"
"1170884","10","烟酒纯鲜奶","11","酒","7","礼盒酒","2","礼盒装普通白酒","古越龙山","古越龙山精制清醇老酒500毫升"
"1170891","10","烟酒纯鲜奶","11","烟","7","香烟","1","进口烟","阿拉","阿拉二年陈加饭酒500ml"
"1170896","10","烟酒纯鲜奶","11","酒","7","礼盒酒","2","礼盒装普通白酒","阿拉老酒","阿拉老酒三年陈精制营养黄酒555ml"
"1170950","10","烟酒纯鲜奶","11","酒","7","礼盒酒","2","礼盒装普通白酒","阿拉","阿拉三年陈双加饭酒2.5L"
"1170951","10","烟酒纯鲜奶","11","烟","7","香烟","1","进口烟","塔牌","塔牌陈年绍兴加饭酒500ml"
"1170952","10","烟酒纯鲜奶","11","酒","7","礼盒酒","5","礼盒装滋补酒","阿拉老酒","阿拉老酒原味纯酿白糯米酒2.5L"
"1170953","10","烟酒纯鲜奶","11","烟","7","香烟","3","杭产烟","郑万利","郑万利五年陈酿加饭酒3.75L"
"1170954","10","烟酒纯鲜奶","11","酒","7","礼盒酒","5","礼盒装滋补酒","郑万利","郑万利纯酿白糯米酒750ml"
"1170955","10","烟酒纯鲜奶","11","酒","7","礼盒酒","6","礼盒装进口酒","郑万利","郑万利珍珠黑糯米酒750ml"
"1170957","10","烟酒纯鲜奶","11","烟","7","香烟","1","进口烟","女儿红","女儿红如意精酿特型黄酒500ml"
"1170959","10","烟酒纯鲜奶","11","烟","7","香烟","3","杭产烟","女儿红","女儿红五年陈精品黄酒1.5L"
"1170960","10","烟酒纯鲜奶","11","烟","7","香烟","3","杭产烟","女儿红","女儿红精品黄酒3L"
"1170961","10","烟酒纯鲜奶","11","烟","7","香烟","3","杭产烟","女儿红","女儿红精品六年陈特型黄酒2.55L"
"1170965","10","烟酒纯鲜奶","11","烟","7","香烟","1","进口烟","甬江","甬江特制香米酒500ml"
"1170966","10","烟酒纯鲜奶","11","烟","7","香烟","3","杭产烟","甬江","甬江特制五年加饭酒3.75L"
"1170967","10","烟酒纯鲜奶","11","酒","7","礼盒酒","5","礼盒装滋补酒","红万寿","红万寿白糯米酒600ml"
"1170969","10","烟酒纯鲜奶","11","酒","7","礼盒酒","6","礼盒装进口酒","红万寿","红万寿黑糯米酒600ml"
"1170970","10","烟酒纯鲜奶","11","烟","7","香烟","3","杭产烟","甬江","金五年甬江老酒330ml"
"1170972","10","烟酒纯鲜奶","11","酒","7","礼盒酒","5","礼盒装滋补酒","生龙","生龙米之清酒500ml"
"1170973","10","烟酒纯鲜奶","11","酒","7","礼盒酒","2","礼盒装普通白酒","阿拉","阿拉三年陈加饭酒2.4L"
"1170984","10","烟酒纯鲜奶","11","烟","7","香烟","3","杭产烟","古越龙山","古越龙山金5年花雕酒14度370ml"
"1170985","10","烟酒纯鲜奶","11","烟","7","香烟","3","杭产烟","古越龙山","古越龙山库藏六年库藏酒盒装11度480ml"
"1170992","10","烟酒纯鲜奶","11","烟","7","香烟","3","杭产烟","会稽山","会稽山经典伍年陈酿纯正绍兴酒500ml"
"1170994","10","烟酒纯鲜奶","11","酒","7","礼盒酒","2","礼盒装普通白酒","会稽山","会稽山经典叁年陈酿纯正绍兴酒500ml"
"1170996","10","烟酒纯鲜奶","11","烟","7","香烟","1","进口烟","会稽山","会稽山陈年老酒2.5L"
"1171000","10","烟酒纯鲜奶","11","酒","7","礼盒酒","2","礼盒装普通白酒","阿拉老酒","阿拉老酒3年纯酿精品500ml"
"1171002","10","烟酒纯鲜奶","11","烟","7","香烟","4","省外烟","阿拉老酒","阿拉老酒特制营养黄酒8年陈酿330ml"
"1171003","10","烟酒纯鲜奶","11","酒","7","礼盒酒","7","礼盒果酒","生龙","生龙米之清酒1L"
"1171004","10","烟酒纯鲜奶","11","酒","7","礼盒酒","7","礼盒果酒","生龙","生龙佬米酒780g"
"1171005","10","烟酒纯鲜奶","11","酒","7","礼盒酒","7","礼盒果酒","生龙","生龙佬酒酿(米酒)390g"
"1171006","10","烟酒纯鲜奶","11","烟","7","香烟","4","省外烟","咸亨","咸亨和雕十年陈酿350ml"
"1171008","10","烟酒纯鲜奶","11","烟","7","香烟","3","杭产烟","咸亨","咸亨土雕酒五年陈350ml"
"1171010","10","烟酒纯鲜奶","11","酒","7","礼盒酒","2","礼盒装普通白酒","咸亨","咸亨酒三年陈酿500ml"
"1171012","10","烟酒纯鲜奶","11","烟","7","香烟","3","杭产烟","咸亨","咸亨老酒五年陈酿500ml"
"1171013","10","烟酒纯鲜奶","11","酒","7","礼盒酒","5","礼盒装滋补酒","女儿红","女儿红三年纯糯米黄酒2.5L"
"1180010","10","烟酒纯鲜奶","11","烟","8","香烟","1","进口烟","劲牌","中国劲酒35度500ml"
"1180034","10","烟酒纯鲜奶","11","酒","8","礼盒酒","2","礼盒装普通白酒","灵威","灵威健力补酒125ml"
"1180041","10","烟酒纯鲜奶","11","烟","4","香烟","3","杭产烟","泸州","泸州御酒52％125ml"
"1180053","10","烟酒纯鲜奶","11","酒","8","礼盒酒","2","礼盒装普通白酒","劲酒","中国劲酒家庭装35度680ml"
"1180054","10","烟酒纯鲜奶","11","烟","8","香烟","1","进口烟","黄金","黄金万圣酒35度480ml"
"1180055","10","烟酒纯鲜奶","11","酒","8","礼盒酒","2","礼盒装普通白酒","","中国劲酒35度258ml"
"1180058","10","烟酒纯鲜奶","11","酒","8","礼盒酒","2","礼盒装普通白酒","","中国劲酒35度520ml"
"1180059","10","烟酒纯鲜奶","11","酒","8","礼盒酒","2","礼盒装普通白酒","椰岛","椰岛鹿龟酒(露酒)33度500ml"
"1180060","10","烟酒纯鲜奶","11","烟","8","香烟","1","进口烟","黄金","黄金贵宾酒52度480ml"
"1180065","10","烟酒纯鲜奶","11","酒","8","礼盒酒","2","礼盒装普通白酒","致中和","致中和酒35度125ml"
"1180066","10","烟酒纯鲜奶","11","酒","8","礼盒酒","2","礼盒装普通白酒","劲牌","劲牌追风八珍酒38度158ml"
"1180067","10","烟酒纯鲜奶","11","酒","8","礼盒酒","2","礼盒装普通白酒","华佗","华佗十全酒24.5度125ml"
"1190297","10","烟酒纯鲜奶","11","酒","9","礼盒酒","7","礼盒果酒","塔牌","塔牌十年陈绍兴花雕酒礼盒500ml*2"
"1190303","10","烟酒纯鲜奶","11","酒","9","礼盒酒","7","礼盒果酒","塔牌","塔牌丽春酒礼盒375ml*4"
"1190349","10","烟酒纯鲜奶","11","酒","9","礼盒酒","7","礼盒果酒","CASTEL","CASTEL干红葡萄酒750ml"
"1190350","10","烟酒纯鲜奶","11","酒","9","礼盒酒","7","礼盒果酒","CASTEL","CASTEL干白葡萄酒750ml"
"1190354","10","烟酒纯鲜奶","11","酒","9","礼盒酒","7","礼盒果酒","阿拉","阿拉老酒十年陈酿14%(蓝坛)1.5L"
"1190356","10","烟酒纯鲜奶","11","酒","9","礼盒酒","7","礼盒果酒","阿拉","阿拉花雕酒14%(陶坛)1.5L"
"1190440","10","烟酒纯鲜奶","11","酒","9","礼盒酒","6","礼盒装进口酒","金堡","金堡图菲格干红葡萄酒750ml"
"1190441","10","烟酒纯鲜奶","11","酒","9","礼盒酒","6","礼盒装进口酒","卡特罗堡","卡特罗堡波尔多干红葡萄酒750ml"
"1190541","10","烟酒纯鲜奶","11","酒","9","礼盒酒","6","礼盒装进口酒","金堡","金堡派维朗干红葡萄酒750ml"
"1210045","10","烟酒纯鲜奶","12","酒","1","礼盒酒","2","礼盒装普通白酒","百事","百事可乐1.25L"
"1210052","10","烟酒纯鲜奶","12","酒","1","礼盒酒","5","礼盒装滋补酒","百事","百事可乐2L+七喜2L搭扣装"
"1210054","10","烟酒纯鲜奶","12","烟","1","香烟","1","进口烟","百事","百事可乐2.5L"
"1210057","10","烟酒纯鲜奶","12","烟","1","香烟","1","进口烟","百事","百事可乐2L"
"1210060","10","烟酒纯鲜奶","12","烟","1","香烟","3","杭产烟","可口可乐","可口可乐零度汽水(无糖)500ml"
"1210062","10","烟酒纯鲜奶","12","烟","1","香烟","4","省外烟","可口可乐","可口可乐汽水330ml"
"1210063","10","烟酒纯鲜奶","12","烟","1","香烟","3","杭产烟","可口可乐","零度可口可乐汽水拉罐(无糖)330ml"
"1210067","10","烟酒纯鲜奶","12","烟","1","香烟","1","进口烟","可口可乐","可口可乐汽水2.3L"
"1210069","10","烟酒纯鲜奶","12","酒","1","礼盒酒","5","礼盒装滋补酒","","百事可乐1.25L+果缤纷混合果汁1.25L搭扣装"
"1210070","10","烟酒纯鲜奶","12","酒","1","礼盒酒","5","礼盒装滋补酒","","百事可乐2L+美年达橙味汽水2L搭扣装"
"1210082","10","烟酒纯鲜奶","12","烟","1","香烟","3","杭产烟","可口可乐","可口可乐汽水500ml"
"1210083","10","烟酒纯鲜奶","12","烟","1","香烟","4","省外烟","百事可乐","百事可乐可乐型汽水330毫升"
"1210084","10","烟酒纯鲜奶","12","酒","1","礼盒酒","6","礼盒装进口酒","百事可乐","百事可乐轻怡可乐型汽水330毫升"
"1210086","10","烟酒纯鲜奶","12","烟","1","香烟","4","省外烟","百事可乐","百事可乐可乐型汽水六罐装330ml*6"
"1210087","10","烟酒纯鲜奶","12","烟","1","香烟","3","杭产烟","百事可乐","百事可乐可乐型汽水500ml"
"1210089","10","烟酒纯鲜奶","12","酒","1","礼盒酒","6","礼盒装进口酒","百事可乐","百事可乐轻怡可乐型汽水500ml"
"1210090","10","烟酒纯鲜奶","12","酒","1","礼盒酒","5","礼盒装滋补酒","百事可乐","百事可乐1.25L+纯果乐鲜果粒橙汁饮料1L"
"1210103","10","烟酒纯鲜奶","12","烟","1","香烟","4","省外烟","可口可乐","可口可乐汽水(易拉罐)4*330ml"
"1210104","10","烟酒纯鲜奶","12","烟","1","香烟","4","省外烟","可口可乐","可口可乐汽水(易拉罐)8*330ml"
"1210105","10","烟酒纯鲜奶","12","酒","1","礼盒酒","5","礼盒装滋补酒","可口可乐","可口可乐汽水500ml*15瓶装"
"1210107","10","烟酒纯鲜奶","13","酒","2","礼盒酒","7","礼盒果酒","可口可乐","可口可乐汽水888ml"
"1210108","10","烟酒纯鲜奶","12","烟","1","香烟","3","杭产烟","可口可乐","可口可乐汽水4连畅爽装500ml*4"
"1220033","10","烟酒纯鲜奶","12","酒","2","礼盒酒","5","礼盒装滋补酒","中萃","雪碧1.25L+酷儿橙汁1.5L组合装"
"1220034","10","烟酒纯鲜奶","12","酒","2","礼盒酒","5","礼盒装滋补酒","中萃","可口可乐1.25L+酷儿橙汁1.5L组合装"
"1220043","10","烟酒纯鲜奶","12","烟","2","香烟","1","进口烟","七喜","七喜柠檬味汽水2.5L"
"1220046","10","烟酒纯鲜奶","12","烟","2","香烟","3","杭产烟","莹澄","莹澄盐汽水600ml"
"1220049","10","烟酒纯鲜奶","12","烟","2","香烟","4","省外烟","雪碧","雪碧清爽柠檬味汽水330ml"
"1220051","10","烟酒纯鲜奶","12","烟","2","香烟","1","进口烟","雪碧","雪碧汽水2.3L"
"1220058","10","烟酒纯鲜奶","12","酒","2","礼盒酒","2","礼盒装普通白酒","激浪","激浪柠檬味可乐型汽水500ml"
"1220077","10","烟酒纯鲜奶","12","烟","2","香烟","3","杭产烟","雪碧","雪碧清爽柠檬味汽水500ml"
"1220078","10","烟酒纯鲜奶","12","烟","2","香烟","4","省外烟","七喜","七喜冰爽柠檬味汽水330毫升"
"1220080","10","烟酒纯鲜奶","12","烟","2","香烟","4","省外烟","七喜","七喜冰爽柠檬味汽水330ml*6"
"1220081","10","烟酒纯鲜奶","12","烟","2","香烟","3","杭产烟","七喜","七喜冰爽柠檬味汽水500ml"
"1220095","10","烟酒纯鲜奶","12","烟","2","香烟","4","省外烟","雪碧","雪碧清爽柠檬味汽水(易拉罐)4*330ml"
"1220099","10","烟酒纯鲜奶","12","烟","2","香烟","4","省外烟","雪碧","雪碧清爽柠檬味汽水(易拉罐)8*330ml"
"1220100","10","烟酒纯鲜奶","12","酒","2","礼盒酒","5","礼盒装滋补酒","","可口可乐1.25L+美汁源果粒橙1.25L两联装"
"1220102","10","烟酒纯鲜奶","12","酒","2","礼盒酒","2","礼盒装普通白酒","","雪碧1.25L+美汁源果粒橙1.25L两联装"
"1220103","10","烟酒纯鲜奶","12","酒","2","礼盒酒","5","礼盒装滋补酒","雪碧","雪碧清爽柠檬味汽水500ml*15瓶装"
"1220105","10","烟酒纯鲜奶","12","酒","2","礼盒酒","5","礼盒装滋补酒","7喜+纯果乐","7喜冰爽柠檬味汽水1.25L+纯果乐橙汁饮料1L"
"1220106","10","烟酒纯鲜奶","12","酒","2","礼盒酒","5","礼盒装滋补酒","雪碧","雪碧清爽柠檬味汽水500ml*12瓶装"
"1220108","10","烟酒纯鲜奶","12","酒","2","礼盒酒","5","礼盒装滋补酒","可口可乐","可口可乐汽水2L+雪碧清爽柠檬味汽水2L"
"1220110","10","烟酒纯鲜奶","12","酒","8","礼盒酒","2","礼盒装普通白酒","雪碧","雪碧清爽柠檬味汽水888ml"
"1220111","10","烟酒纯鲜奶","12","烟","2","香烟","3","杭产烟","雪碧","雪碧柠檬味汽水4连畅爽装500ml*4"
"1230089","10","烟酒纯鲜奶","12","酒","3","礼盒酒","2","礼盒装普通白酒","醒目","醒目苹果汁500ml"
"1230100","10","烟酒纯鲜奶","12","烟","3","香烟","1","进口烟","美年达","美年达汽水2.5L"
"1230108","10","烟酒纯鲜奶","12","烟","3","香烟","1","进口烟","芬达","芬达橙味汽水330ml"
"1230109","10","烟酒纯鲜奶","12","烟","3","香烟","1","进口烟","芬达","芬达水蜜桃味汽水500ml"
"1230110","10","烟酒纯鲜奶","12","烟","3","香烟","1","进口烟","芬达","芬达橙汁汽水2.3L"
"1230119","10","烟酒纯鲜奶","12","酒","3","礼盒酒","7","礼盒果酒","康师傅","康师傅酸梅汤风味饮品450ml"
"1230123","10","烟酒纯鲜奶","12","烟","3","香烟","1","进口烟","芬达","芬达橙味汽水500ml"
"1230126","10","烟酒纯鲜奶","12","烟","3","香烟","1","进口烟","美年达","美年达橙味汽水500ml"
"1230141","10","烟酒纯鲜奶","12","酒","3","礼盒酒","7","礼盒果酒","芬达","芬达菠萝味汽水500ml"
"1230143","10","烟酒纯鲜奶","12","烟","3","香烟","1","进口烟","芬达","芬达橙味汽水500ml*4"
"1240006","10","烟酒纯鲜奶","12","酒","4","礼盒酒","2","礼盒装普通白酒","红牛","红牛维生素功能饮料（牛磺酸强化型）250ml"
"1240038","10","烟酒纯鲜奶","12","烟","4","香烟","3","杭产烟","统一","统一雅哈咖啡250ml"
"1240044","10","烟酒纯鲜奶","12","酒","4","礼盒酒","2","礼盒装普通白酒","娃哈哈","娃哈哈激活活性维生素水（柑橘味）600ml"
"1240046","10","烟酒纯鲜奶","12","酒","4","礼盒酒","2","礼盒装普通白酒","娃哈哈","娃哈哈激活活性维生素水（柠檬味）600ml"
"1240056","10","烟酒纯鲜奶","12","烟","4","香烟","1","进口烟","农夫","农夫“尖叫”纤维饮料550ml"
"1240057","10","烟酒纯鲜奶","12","烟","4","香烟","1","进口烟","农夫","农夫“尖叫”活性肽运动饮料550ml"
"1240058","10","烟酒纯鲜奶","12","烟","4","香烟","1","进口烟","农夫","农夫“尖叫”植物饮料550ml"
"1240061","10","烟酒纯鲜奶","12","酒","4","礼盒酒","2","礼盒装普通白酒","日加满","日加满饮料120ml"
"1240078","10","烟酒纯鲜奶","12","烟","4","香烟","3","杭产烟","伯朗","伯朗咖啡蓝山风味240ml"
"1240079","10","烟酒纯鲜奶","12","烟","4","香烟","3","杭产烟","伯朗","伯朗咖啡240ml"
"1240109","10","烟酒纯鲜奶","12","烟","4","香烟","3","杭产烟","麒麟","麒麟倍醇奶咖280ml"
"1240113","10","烟酒纯鲜奶","12","烟","4","香烟","3","杭产烟","麒麟","麒麟直火烘焙咖啡香浓经典型口味180ml"
"1240114","10","烟酒纯鲜奶","12","烟","4","香烟","3","杭产烟","麒麟","麒麟直火烘焙咖啡奶浓醇厚型口味180ml"
"1240119","10","烟酒纯鲜奶","12","烟","4","香烟","3","杭产烟","麒麟","麒麟直火烘焙咖啡饮料500ml"
"1240123","10","烟酒纯鲜奶","12","烟","4","香烟","3","杭产烟","雀巢","雀巢丝滑拿铁咖啡饮料268ml"
"1240124","10","烟酒纯鲜奶","12","烟","4","香烟","3","杭产烟","雀巢","雀巢香滑咖啡饮料180ml"
"1240125","10","烟酒纯鲜奶","12","烟","4","香烟","1","进口烟","佳得乐","佳得乐蓝莓味运动饮料600ml"
"1240126","10","烟酒纯鲜奶","12","烟","4","香烟","1","进口烟","佳得乐","佳得乐柠檬味运动饮料600ml"
"1240148","10","烟酒纯鲜奶","12","烟","4","香烟","3","杭产烟","伯朗","伯朗咖啡蓝山风味咖啡饮料330ml"
"1240149","10","烟酒纯鲜奶","12","烟","4","香烟","3","杭产烟","伯朗","伯朗咖啡焦糖玛琪朵风味咖啡饮料330ml"
"1240152","10","烟酒纯鲜奶","12","酒","4","礼盒酒","2","礼盒装普通白酒","农夫","农夫热带水果风味果味营养素饮料500ml"
"1240153","10","烟酒纯鲜奶","12","酒","4","礼盒酒","2","礼盒装普通白酒","农夫","农夫石榴蓝莓风味果味营养素饮料500ml"
"1240154","10","烟酒纯鲜奶","12","酒","4","礼盒酒","2","礼盒装普通白酒","农夫","农夫西柚风味果味营养素饮料500ml"
"1240155","10","烟酒纯鲜奶","12","酒","4","礼盒酒","2","礼盒装普通白酒","农夫","农夫柑橘风味果味营养素饮料500ml"
"1240156","10","烟酒纯鲜奶","12","酒","4","礼盒酒","2","礼盒装普通白酒","农夫","农夫柠檬风味果味营养素饮料500ml"
"1240157","10","烟酒纯鲜奶","12","酒","4","礼盒酒","2","礼盒装普通白酒","农夫","农夫蓝莓树莓风味果味营养素饮料500ml"
"1240161","10","烟酒纯鲜奶","12","酒","4","礼盒酒","2","礼盒装普通白酒","娃哈哈","娃哈哈启力牛磺酸维生素饮料250ml"
"1240162","10","烟酒纯鲜奶","12","酒","4","礼盒酒","2","礼盒装普通白酒","红牛","红牛维生素功能饮料250ml*6"
"1240163","10","烟酒纯鲜奶","12","酒","4","礼盒酒","2","礼盒装普通白酒","脉动","脉动维生素饮料橘子口味600ml"
"1240164","10","烟酒纯鲜奶","12","酒","4","礼盒酒","2","礼盒装普通白酒","脉动","脉动维生素饮料青柠口味600ml"
"1240165","10","烟酒纯鲜奶","12","酒","4","礼盒酒","2","礼盒装普通白酒","脉动","脉动维生素饮料水蜜桃口味600ml"
"1240166","10","烟酒纯鲜奶","12","酒","4","礼盒酒","2","礼盒装普通白酒","甬临顶强","甬临顶强金银花露植物饮品340ml"
"1240167","10","烟酒纯鲜奶","12","酒","4","礼盒酒","2","礼盒装普通白酒","爱透","爱透胶原蛋白饮品复合组方350ml"
"1240168","10","烟酒纯鲜奶","12","酒","4","礼盒酒","2","礼盒装普通白酒","爱透","爱透胶原蛋白饮品经典组方350ml"
"1240170","10","烟酒纯鲜奶","12","烟","4","香烟","1","进口烟","麒麟","麒麟魔力氨基酸果味饮料500ml"
"1240172","10","烟酒纯鲜奶","12","烟","4","香烟","1","进口烟","麒麟","麒麟魔力维他命果味饮料500ml"
"1240173","10","烟酒纯鲜奶","12","烟","4","香烟","1","进口烟","冰露","冰露机能水柠檬风味饮料500ml"
"1240174","10","烟酒纯鲜奶","12","酒","5","礼盒酒","2","礼盒装普通白酒","娃哈哈","娃哈哈格瓦斯麦芽汁发酵饮品330ml"
"1240175","10","烟酒纯鲜奶","12","酒","2","礼盒酒","2","礼盒装普通白酒","脉动","脉动维生素饮料芒果口味600ml"
"1250015","10","烟酒纯鲜奶","12","烟","5","香烟","4","省外烟","露露","露露杏仁露利乐包250ml"
"1250022","10","烟酒纯鲜奶","12","酒","5","礼盒酒","2","礼盒装普通白酒","酷儿","酷儿橙汁饮料1.5L"
"1250086","10","烟酒纯鲜奶","12","酒","5","礼盒酒","2","礼盒装普通白酒","每日c","每日C鲜果橙橙汁饮品450ml"
"1250087","10","烟酒纯鲜奶","12","酒","5","葡萄酒、果酒、香槟酒","9","国产白兰地","康师傅","康师傅每日C红葡萄汁饮品450ml"
"1250091","10","烟酒纯鲜奶","12","酒","5","礼盒酒","2","礼盒装普通白酒","统一","统一鲜橙多饮料（利乐包）250ml"
"1250093","10","烟酒纯鲜奶","12","酒","5","礼盒酒","2","礼盒装普通白酒","统一","统一鲜橙多饮料450ml"
"1250114","10","烟酒纯鲜奶","12","酒","5","礼盒酒","2","礼盒装普通白酒","康师傅","康师傅橙汁饮品450ml"
"1250132","10","烟酒纯鲜奶","12","饮料","5","果汁饮料","14","其他果汁饮料","农夫果园","农夫果园果蔬汁(橙+胡+苹+菠+猕猴)500ml"
"1250133","10","烟酒纯鲜奶","12","饮料","5","果汁饮料","14","其他果汁饮料","农夫果园","农夫果园果蔬汁(芒+菠+石榴+苹+番)500ml"
"1250147","10","烟酒纯鲜奶","12","酒","5","葡萄酒、果酒、香槟酒","9","国产白兰地","康师傅","康师傅每日C水晶葡萄饮品450ml"
"1250151","10","烟酒纯鲜奶","12","酒","5","礼盒酒","2","礼盒装普通白酒","统一","统一鲜橙多2L"
"1250165","10","烟酒纯鲜奶","12","饮料","5","果汁饮料","14","其他果汁饮料","农夫果园","农夫果园混合果汁蕃＋草莓＋樱+葡+黑500ml"
"1250166","10","烟酒纯鲜奶","12","饮料","5","果汁饮料","14","其他果汁饮料","农夫果园","农夫果园混合果汁饮料橙＋胡＋苹+菠+猕1.8L"
"1250167","10","烟酒纯鲜奶","12","饮料","5","果汁饮料","14","其他果汁饮料","农夫果园","农夫果园混合果汁饮料芒+菠+番石+苹+番1.8L"
"1250169","10","烟酒纯鲜奶","12","酒","5","礼盒酒","2","礼盒装普通白酒","农夫果园","农夫果园100%橙汁380ml"
"1250183","10","烟酒纯鲜奶","12","酒","5","礼盒酒","2","礼盒装普通白酒","美汁源","美汁源果粒橙橙汁饮料1.25L"
"1250247","10","烟酒纯鲜奶","12","酒","5","礼盒酒","2","礼盒装普通白酒","酷儿","酷儿橙汁饮料450ml"
"1250248","10","烟酒纯鲜奶","12","酒","5","礼盒酒","2","礼盒装普通白酒","酷儿","酷儿橙汁饮料330ml"
"1250249","10","烟酒纯鲜奶","12","酒","5","葡萄酒、果酒、香槟酒","9","国产白兰地","康师傅","康师傅水晶白葡萄汁饮品450ml"
"1250323","10","烟酒纯鲜奶","12","酒","5","礼盒酒","7","礼盒果酒","统一","统一蜜桃多250ml"
"1250325","10","烟酒纯鲜奶","12","酒","5","葡萄酒、果酒、香槟酒","9","国产白兰地","统一","统一葡萄多450ml"
"1250351","10","烟酒纯鲜奶","12","烟","5","香烟","1","进口烟","椰树","椰树无糖椰子汁245ml"
"1250372","10","烟酒纯鲜奶","12","酒","5","礼盒酒","2","礼盒装普通白酒","汇源","汇源100%橙汁礼盒装200ml*12"
"1250374","10","烟酒纯鲜奶","12","烟","5","香烟","3","杭产烟","汇源","汇源100%苹果汁礼盒装200ml*12"
"1250381","10","烟酒纯鲜奶","12","酒","5","礼盒酒","7","礼盒果酒","统一","统一蜜桃多450ml"
"1250382","10","烟酒纯鲜奶","12","饮料","5","果汁饮料","14","其他果汁饮料","农夫","农夫果园二联装1.8L*2"
"1250383","10","烟酒纯鲜奶","12","饮料","5","果汁饮料","13","柠檬饮料","水溶","水溶C100柠檬汁饮料445ml"
"1250384","10","烟酒纯鲜奶","12","酒","5","礼盒酒","7","礼盒果酒","康师傅","康师傅水蜜桃饮品450ml"
"1250393","10","烟酒纯鲜奶","12","酒","5","礼盒酒","7","礼盒果酒","统一","统一蜜桃多蜜桃汁饮料2L"
"1250394","10","烟酒纯鲜奶","12","酒","5","礼盒酒","2","礼盒装普通白酒","美汁源","美汁源(热带果粒+果粒橙)1.25L组合装"
"1250395","10","烟酒纯鲜奶","12","酒","5","礼盒酒","2","礼盒装普通白酒","美汁源","美汁源热带果粒果汁饮料1.25L"
"1250397","10","烟酒纯鲜奶","12","酒","5","礼盒酒","2","礼盒装普通白酒","美汁源","美汁源果粒橙橙汁饮料1.25L两联装"
"1250398","10","烟酒纯鲜奶","12","酒","5","礼盒酒","2","礼盒装普通白酒","酷儿","酷儿橙汁饮料1.5L两联装"
"1250418","10","烟酒纯鲜奶","12","饮料","5","果汁饮料","14","其他果汁饮料","纯果乐","纯果乐果缤纷热带美味混合果汁饮料450ml"
"1250420","10","烟酒纯鲜奶","12","烟","5","香烟","3","杭产烟","酷儿","酷儿苹果汁饮料450ml"
"1250425","10","烟酒纯鲜奶","12","饮料","5","果汁饮料","13","柠檬饮料","水溶C100","水溶C100西柚汁饮料445ml"
"1250427","10","烟酒纯鲜奶","12","酒","5","葡萄酒、果酒、香槟酒","9","国产白兰地","康师傅","康师傅每日C黑加仑红葡萄饮品450ml"
"1250442","10","烟酒纯鲜奶","12","酒","5","礼盒酒","2","礼盒装普通白酒","统一","统一鲜橙多橙汁饮料1.25L"
"1250453","10","烟酒纯鲜奶","12","酒","5","礼盒酒","2","礼盒装普通白酒","乐源","乐源果粒橙橙汁饮料2.5L"
"1250457","10","烟酒纯鲜奶","12","饮料","5","果汁饮料","13","柠檬饮料","乐源","乐源魔冰蜜桃汁饮料380ml"
"1250459","10","烟酒纯鲜奶","12","酒","5","礼盒酒","7","礼盒果酒","乐源","乐源魔冰西柚味果汁饮料380ml"
"1250463","10","烟酒纯鲜奶","12","饮料","5","果汁饮料","14","其他果汁饮料","悦活","悦活芒果U格乳酸菌果汁饮品350ml"
"1250473","10","烟酒纯鲜奶","12","酒","5","礼盒酒","2","礼盒装普通白酒","","纯果乐鲜果粒橙汁饮料1L"
"1250474","10","烟酒纯鲜奶","12","酒","5","礼盒酒","2","礼盒装普通白酒","","纯果乐鲜果粒橙汁饮料420ml"
"1250481","10","烟酒纯鲜奶","12","酒","5","礼盒酒","2","礼盒装普通白酒","娃哈哈","娃哈哈HELLO-C营养果粒橙汁饮料450ml"
"1250487","10","烟酒纯鲜奶","12","酒","5","葡萄酒、果酒、香槟酒","9","国产白兰地","美汁源","美汁源爽粒葡萄葡萄汁饮料1.25L"
"1250493","10","烟酒纯鲜奶","12","饮料","5","果汁饮料","14","其他果汁饮料","康师傅","康师傅蜂蜜酸枣果汁饮品500ml"
"1250495","10","烟酒纯鲜奶","12","酒","5","礼盒酒","6","礼盒装进口酒","康师傅","康师傅菠萝汁饮品450ml"
"1250501","10","烟酒纯鲜奶","12","酒","5","葡萄酒、果酒、香槟酒","9","国产白兰地","酷儿","酷儿葡萄汁饮料450ml"
"1250507","10","烟酒纯鲜奶","12","烟","5","香烟","3","杭产烟","安氏春天","安氏春天黄苹果醋苹果醋饮料300ml"
"1250515","10","烟酒纯鲜奶","12","饮料","5","果汁饮料","13","柠檬饮料","统一","统一金橘柠檬水果饮料500ml"
"1250516","10","烟酒纯鲜奶","12","酒","5","葡萄酒、果酒、香槟酒","8","香槟酒","泰山","泰山芒果汁饮料310ml"
"1250519","10","烟酒纯鲜奶","12","酒","5","礼盒酒","2","礼盒装普通白酒","美汁源","美汁源果粒橙橙汁饮料420ml"
"1250521","10","烟酒纯鲜奶","12","酒","5","葡萄酒、果酒、香槟酒","9","国产白兰地","美汁源","美汁源爽粒葡萄葡萄汁饮料420ml"
"1250523","10","烟酒纯鲜奶","12","饮料","5","果汁饮料","13","柠檬饮料","美汁源","美汁源C粒柠檬香橙水果饮料420ml"
"1250525","10","烟酒纯鲜奶","12","饮料","5","果汁饮料","14","其他果汁饮料","美汁源","美汁源热带果粒复合果汁饮料420ml"
"1250526","10","烟酒纯鲜奶","12","酒","5","葡萄酒、果酒、香槟酒","8","香槟酒","绿力","绿力500芒果汁饮料495ml"
"1250531","10","烟酒纯鲜奶","12","烟","5","香烟","3","杭产烟","伊甸园","伊甸园苹果味醋饮料500ml"
"1250532","10","烟酒纯鲜奶","12","酒","5","礼盒酒","7","礼盒果酒","美汁源","美汁源滑粒蜜桃桃汁饮料420ml"
"1250533","10","烟酒纯鲜奶","12","饮料","5","果汁饮料","14","其他果汁饮料","康师傅","康师傅冰糖雪梨梨汁饮品500ml"
"1250537","10","烟酒纯鲜奶","12","酒","5","礼盒酒","2","礼盒装普通白酒","统一","统一鲜橙多2L+冰红茶柠檬味2L搭扣装"
"1250538","10","烟酒纯鲜奶","12","酒","5","礼盒酒","2","礼盒装普通白酒","娃哈哈","娃哈哈营养快线菠萝味1.5L+香橙C1.5L"
"1250539","10","烟酒纯鲜奶","12","酒","5","礼盒酒","2","礼盒装普通白酒","纯果乐","纯果乐鲜果粒澄汁饮料1L两联装"
"1250543","10","烟酒纯鲜奶","12","饮料","5","果汁饮料","14","其他果汁饮料","统一","统一冰糖雪梨汁饮料500ml"
"1250544","10","烟酒纯鲜奶","12","酒","5","葡萄酒、果酒、香槟酒","9","国产白兰地","美汁源","美汁源爽粒红葡萄水果饮料420ml"
"1250546","10","烟酒纯鲜奶","12","饮料","5","果汁饮料","14","其他果汁饮料","天喔茶庄","天喔茶庄蜂蜜雪梨茶果味茶饮料500ml"
"1250547","10","烟酒纯鲜奶","12","酒","5","礼盒酒","2","礼盒装普通白酒","美汁源","美汁源果粒橙4瓶方便装4*420ml"
"1250548","10","烟酒纯鲜奶","12","烟","5","香烟","3","杭产烟","康师傅","康师傅苹果汁饮品富士风味450ml"
"1250549","10","烟酒纯鲜奶","12","饮料","5","果汁饮料","14","其他果汁饮料","纯果乐","纯果乐鲜果粒热带复合果汁饮料420ml"
"1250550","10","烟酒纯鲜奶","12","饮料","5","果汁饮料","14","其他果汁饮料","味之园","味之园芦荟苹果汁饮品500ml"
"1250551","10","烟酒纯鲜奶","12","饮料","5","果汁饮料","14","其他果汁饮料","盛馨源","盛馨源核桃露植物蛋白饮品240ml"
"1250553","10","烟酒纯鲜奶","12","饮料","5","果汁饮料","14","其他果汁饮料","美汁源","美汁源果清新蜂蜜雪梨味饮料420ml"
"1250555","10","烟酒纯鲜奶","12","饮料","5","果汁饮料","13","柠檬饮料","美汁源","美汁源果清新冰桔柠檬味饮料420ml"
"1250557","10","烟酒纯鲜奶","12","饮料","5","果汁饮料","14","其他果汁饮料","乐亚特","乐亚特棒棒冰果味饮料80克*5支"
"1250558","10","烟酒纯鲜奶","12","饮料","5","果汁饮料","14","其他果汁饮料","天喔茶庄","天喔茶庄蜂蜜雪梨茶调味茶饮料250ml"
"1250559","10","烟酒纯鲜奶","12","饮料","5","果汁饮料","14","其他果汁饮料","卡依之","卡依之蓝莓way蓝莓汁饮料350ml"
"1250561","10","烟酒纯鲜奶","12","饮料","5","果汁饮料","11","梅饮料","卡依之","卡依之杨梅way杨梅汁饮料350ml"
"1250562","10","烟酒纯鲜奶","12","烟","5","香烟","3","杭产烟","动康","动康350白金苹果醋饮料350ml"
"1250563","10","烟酒纯鲜奶","12","烟","5","香烟","3","杭产烟","动康","动康苹果醋饮料240ml"
"1250565","10","烟酒纯鲜奶","12","烟","5","香烟","1","进口烟","椰国","椰国椰子汁植物蛋白饮料1.25L"
"1250566","10","烟酒纯鲜奶","12","烟","5","香烟","1","进口烟","椰国","椰国椰子汁植物蛋白饮料450ml"
"1250567","10","烟酒纯鲜奶","12","烟","5","香烟","1","进口烟","椰国","椰国椰子汁植物蛋白饮料245ml"
"1250568","10","烟酒纯鲜奶","12","酒","5","葡萄酒、果酒、香槟酒","9","国产白兰地","康师傅","康师傅每日C水晶葡萄汁饮品1.5L"
"1250569","10","烟酒纯鲜奶","12","酒","5","葡萄酒、果酒、香槟酒","9","国产白兰地","康师傅","康师傅白葡萄汁饮品1.5L"
"1250570","10","烟酒纯鲜奶","12","酒","5","葡萄酒、果酒、香槟酒","9","国产白兰地","康师傅","康师傅每日C红葡萄汁饮品1.5L"
"1250572","10","烟酒纯鲜奶","12","酒","5","礼盒酒","2","礼盒装普通白酒","康师傅","康师傅鲜果橙橙汁饮品1.5L"
"1250574","10","烟酒纯鲜奶","12","酒","5","礼盒酒","7","礼盒果酒","康师傅","康师傅水蜜桃汁饮品1.5L"
"1250576","10","烟酒纯鲜奶","12","饮料","5","果汁饮料","14","其他果汁饮料","康师傅","康师傅冰糖雪梨梨汁饮品1.5L"
"1250578","10","烟酒纯鲜奶","12","酒","5","礼盒酒","2","礼盒装普通白酒","康师傅","康师傅每日C鲜果橙橙汁饮品1.5L"
"1250579","10","烟酒纯鲜奶","12","饮料","5","果汁饮料","14","其他果汁饮料","康师傅","康师傅冰糖雪梨梨汁饮品500ml*4"
"1250583","10","烟酒纯鲜奶","12","酒","5","礼盒酒","2","礼盒装普通白酒","康师傅","康师傅冰糖雪梨汁1.5L+康师傅鲜果橙汁1.5L"
"1250584","10","烟酒纯鲜奶","12","饮料","5","果汁饮料","14","其他果汁饮料","美汁源","美汁源果粒橙橙汁饮料450ml"
"1250586","10","烟酒纯鲜奶","12","酒","5","葡萄酒、果酒、香槟酒","9","国产白兰地","美汁源","美汁源热带果粒复合果汁饮料450ml"
"1250588","10","烟酒纯鲜奶","12","酒","5","葡萄酒、果酒、香槟酒","9","国产白兰地","美汁源","美汁源爽粒红葡萄葡萄水果饮料450ml"
"1250589","10","烟酒纯鲜奶","12","酒","5","礼盒酒","2","礼盒装普通白酒","美汁源","美汁源爽粒葡萄葡萄汁饮料450ml"
"1250591","10","烟酒纯鲜奶","12","饮料","5","果汁饮料","14","其他果汁饮料","美汁源","美汁源芦荟粒雪梨梨汁饮料450ml"
"1250592","10","烟酒纯鲜奶","12","酒","5","礼盒酒","2","礼盒装普通白酒","美汁源","美汁源果粒橙橙汁饮料450ml*4瓶装"
"1250593","10","烟酒纯鲜奶","12","饮料","5","果汁饮料","14","其他果汁饮料","味之园","味之园芦荟苹果汁饮品1L"
"1250595","10","烟酒纯鲜奶","12","饮料","5","果汁饮料","14","其他果汁饮料","味之园","味之园芒果汁饮品1L"
"1250596","10","烟酒纯鲜奶","12","酒","1","礼盒酒","2","礼盒装普通白酒","美汁源果清新","美汁源果清新甘蔗马蹄味果汁饮料480ml"
"1250597","10","烟酒纯鲜奶","12","烟","4","香烟","1","进口烟","汇源","汇源冰糖葫芦汁山楂汁饮品450ml"
"1250598","10","烟酒纯鲜奶","12","烟","5","香烟","1","进口烟","椰树","椰树椰汁植物蛋白饮料245ml*6"
"1250599","10","烟酒纯鲜奶","12","饮料","5","果汁饮料","14","其他果汁饮料","统一","统一冰糖雪梨梨汁饮料250ml"
"1250600","10","烟酒纯鲜奶","12","饮料","5","果汁饮料","13","柠檬饮料","康师傅","康师傅冰糖柠檬味饮品500ml"
"1260014","10","烟酒纯鲜奶","12","烟","6","香烟","4","省外烟","农夫果园","农夫果园100%蕃茄果蔬汁380ml"
"1260015","10","烟酒纯鲜奶","12","烟","6","香烟","3","杭产烟","农夫果园","农夫果园100%胡萝卜果蔬汁380ml"
"1260019","10","烟酒纯鲜奶","12","烟","6","香烟","1","进口烟","惠尔康","惠尔康冬瓜茶果蔬汁饮料500ml"
"1260020","10","烟酒纯鲜奶","12","烟","6","香烟","1","进口烟","绿力","绿力冬瓜茶饮料拉罐245ml"
"1260021","10","烟酒纯鲜奶","12","烟","6","香烟","1","进口烟","绿力","绿力冬瓜茶饮料500ml"
"1260023","10","烟酒纯鲜奶","12","酒","6","礼盒酒","5","礼盒装滋补酒","李子园","李子园玉米汁1L"
"1260026","10","烟酒纯鲜奶","12","酒","6","礼盒酒","5","礼盒装滋补酒","惠尔康","惠尔康谷粒谷力燕麦浆饮品250毫升"
"1260027","10","烟酒纯鲜奶","12","酒","6","礼盒酒","5","礼盒装滋补酒","惠尔康","惠尔康谷粒谷力红豆浆饮品250毫升"
"1260028","10","烟酒纯鲜奶","12","酒","6","礼盒酒","5","礼盒装滋补酒","李子园","李子园无糖玉米汁饮品1L"
"1260030","10","烟酒纯鲜奶","12","酒","6","礼盒酒","5","礼盒装滋补酒","惠尔康","惠尔康谷粒谷力玉米浓浆谷物饮料250ml"
"1260031","10","烟酒纯鲜奶","12","酒","6","礼盒酒","5","礼盒装滋补酒","李子园","李子园玉米汁饮品350ml"
"1260033","10","烟酒纯鲜奶","12","酒","6","礼盒酒","5","礼盒装滋补酒","惠尔康","惠尔康谷粒谷力绿豆浓浆谷物饮品250ml"
"1260041","10","烟酒纯鲜奶","12","酒","6","礼盒酒","5","礼盒装滋补酒","惠尔康","惠尔康谷粒谷力黑芝麻浓浆250ml"
"1260043","10","烟酒纯鲜奶","12","烟","6","香烟","1","进口烟","绿力","绿力冬瓜仙草蜜冬瓜汁饮料310ml"
"1260044","10","烟酒纯鲜奶","12","酒","6","礼盒酒","5","礼盒装滋补酒","味之园","味之园芦荟汁饮品500ml"
"1260045","10","烟酒纯鲜奶","12","酒","6","礼盒酒","5","礼盒装滋补酒","正鸿堂","正鸿堂养原米汁谷物饮品245ml"
"1260046","10","烟酒纯鲜奶","12","酒","6","礼盒酒","5","礼盒装滋补酒","味之园","味之园芦荟汁饮品1L"
"1270001","10","烟酒纯鲜奶","12","烟","7","香烟","1","进口烟","石源","石源麦饭石矿泉水330ml"
"1270002","10","烟酒纯鲜奶","12","烟","7","香烟","3","杭产烟","冰露","冰露饮用纯净水550ml"
"1270010","10","烟酒纯鲜奶","12","烟","7","香烟","1","进口烟","康师傅","康师傅矿物质水550ml"
"1270047","10","烟酒纯鲜奶","12","烟","7","香烟","1","进口烟","农夫山泉","农夫山泉量贩装水550ml*12"
"1270070","10","烟酒纯鲜奶","12","烟","7","香烟","1","进口烟","昆仑山","昆仑山天然雪山矿泉水510ml"
"1270071","10","烟酒纯鲜奶","12","烟","7","香烟","1","进口烟","统一","统一ALKAQUA优质饮用天然水570ml"
"1270079","10","烟酒纯鲜奶","12","酒","7","礼盒酒","6","礼盒装进口酒","名仁","名仁无汽苏打水饮料360ml"
"1270080","10","烟酒纯鲜奶","12","烟","7","香烟","1","进口烟","统一","统一ALKAQUA饮用天然矿泉水360ml"
"1270081","10","烟酒纯鲜奶","12","烟","7","香烟","3","杭产烟","娃哈哈","娃哈哈活性含氧饮用水600ml"
"1270084","10","烟酒纯鲜奶","12","酒","7","礼盒酒","5","礼盒装滋补酒","名仁","名仁6个柠檬低糖柠檬水饮料360ml"
"1270086","10","烟酒纯鲜奶","12","酒","7","礼盒酒","2","礼盒装普通白酒","康师傅","康师傅矿物质水1.5L"
"1270087","10","烟酒纯鲜奶","12","烟","7","香烟","3","杭产烟","怡宝","怡宝饮用纯净水555ml"
"1270088","10","烟酒纯鲜奶","12","烟","7","香烟","3","杭产烟","怡宝","怡宝饮用纯净水350ml"
"1270090","10","烟酒纯鲜奶","12","烟","7","香烟","4","省外烟","怡宝","怡宝饮用纯净水4.5L"
"1270091","10","烟酒纯鲜奶","12","烟","7","香烟","3","杭产烟","康师傅","康师傅饮用矿物质水330ml"
"1270095","10","烟酒纯鲜奶","12","烟","7","香烟","1","进口烟","五大连池","五大连池天然冷矿泉330ml"
"1270096","10","烟酒纯鲜奶","12","烟","7","香烟","1","进口烟","五大连池","五大连池天然冷矿泉500ml"
"1270097","10","烟酒纯鲜奶","12","酒","7","礼盒酒","5","礼盒装滋补酒","九朵玫瑰","九朵玫瑰花中水饮品330ml"
"1270098","10","烟酒纯鲜奶","12","酒","7","礼盒酒","5","礼盒装滋补酒","九朵玫瑰","九朵玫瑰玫瑰花汁饮品(浓香型)200ml"
"1270099","10","烟酒纯鲜奶","12","烟","7","香烟","1","进口烟","昆仑山","昆仑山天然雪山矿泉水350ml"
"1270103","10","烟酒纯鲜奶","12","酒","6","礼盒酒","5","礼盒装滋补酒","怡泉","怡泉苏打汽水330ml"
"1270104","10","烟酒纯鲜奶","12","饮料","5","果汁饮料","14","其他果汁饮料","怡泉","怡泉汤力汽水330ml"
"1270105","10","烟酒纯鲜奶","12","饮料","5","果汁饮料","14","其他果汁饮料","怡泉","怡泉干姜味汽水330ml"
"1270106","10","烟酒纯鲜奶","12","烟","7","香烟","1","进口烟","冰露","冰露饮用矿物质水550ml"
"1270107","10","烟酒纯鲜奶","12","烟","7","香烟","3","杭产烟","百事","百事冰纯水饮用纯净水550ml"
"1270109","10","烟酒纯鲜奶","12","烟","7","香烟","1","进口烟","农夫山泉","农夫山泉饮用天然水750ml"
"1280027","10","烟酒纯鲜奶","12","酒","8","礼盒酒","7","礼盒果酒","加多宝","加多宝凉茶310亳升"
"1280046","10","烟酒纯鲜奶","12","酒","8","礼盒酒","6","礼盒装进口酒","麒麟","麒麟午后红茶奶茶340ml"
"1280047","10","烟酒纯鲜奶","12","酒","8","礼盒酒","2","礼盒装普通白酒","康师傅","康师傅冰红茶柠檬口味茶饮品2L"
"1280056","10","烟酒纯鲜奶","12","烟","8","香烟","4","省外烟","康师傅","康师傅茉莉清茶饮品(淡雅低糖)500ml"
"1280057","10","烟酒纯鲜奶","12","烟","8","香烟","4","省外烟","康师傅","康师傅茉莉花茶饮品(清香无糖)500ml"
"1280058","10","烟酒纯鲜奶","12","酒","8","礼盒酒","2","礼盒装普通白酒","康师傅","康师傅劲凉冰红茶500ml"
"1280063","10","烟酒纯鲜奶","12","烟","8","香烟","4","省外烟","惠尔康","惠尔康蜂蜜菊花茶植物饮料500ml"
"1280087","10","烟酒纯鲜奶","12","酒","8","礼盒酒","6","礼盒装进口酒","统一","统一奶茶（可可）250ml"
"1280088","10","烟酒纯鲜奶","12","酒","8","礼盒酒","6","礼盒装进口酒","统一","统一奶茶（麦香）250ml"
"1280089","10","烟酒纯鲜奶","12","烟","4","香烟","3","杭产烟","雅哈","雅哈咖啡奶250ml"
"1280095","10","烟酒纯鲜奶","12","烟","8","香烟","3","杭产烟","统一","统一（茉莉花味）绿茶饮料500ml"
"1280097","10","烟酒纯鲜奶","12","酒","8","礼盒酒","2","礼盒装普通白酒","统一","统一冰红茶（柠檬味）500ml"
"1280098","10","烟酒纯鲜奶","12","酒","8","礼盒酒","7","礼盒果酒","王老吉","王老吉凉茶利乐包250ml"
"1280103","10","烟酒纯鲜奶","12","酒","8","礼盒酒","6","礼盒装进口酒","统一","统一奶茶（草莓）味饮料250ml"
"1280115","10","烟酒纯鲜奶","12","烟","8","香烟","3","杭产烟","康师傅","康师傅劲凉冰绿茶500ml"
"1280145","10","烟酒纯鲜奶","12","酒","8","礼盒酒","2","礼盒装普通白酒","康师傅","康师傅冰红茶1L"
"1280147","10","烟酒纯鲜奶","12","烟","8","香烟","3","杭产烟","康师傅","康师傅蜂蜜绿茶1L"
"1280158","10","烟酒纯鲜奶","12","酒","8","礼盒酒","6","礼盒装进口酒","麒麟","麒麟午后红茶奶味茶饮料500ml"
"1280159","10","烟酒纯鲜奶","12","酒","8","礼盒酒","6","礼盒装进口酒","娃哈哈","娃哈哈呦呦奶味茶饮料原味500ml"
"1280160","10","烟酒纯鲜奶","12","酒","8","礼盒酒","6","礼盒装进口酒","娃哈哈","娃哈哈呦呦奶味茶饮料金桂味500ml"
"1280161","10","烟酒纯鲜奶","12","酒","8","礼盒酒","6","礼盒装进口酒","娃哈哈","娃哈哈呦呦奶咖卡布奇诺口味350ml"
"1280162","10","烟酒纯鲜奶","12","烟","8","香烟","4","省外烟","惠尔康","惠尔康蜂蜜菊花茶植物饮料248毫升"
"1280167","10","烟酒纯鲜奶","12","酒","8","礼盒酒","2","礼盒装普通白酒","原叶","原叶冰红茶柠檬味茶饮料480ml"
"1280172","10","烟酒纯鲜奶","12","烟","8","香烟","4","省外烟","康师傅","康师傅茉莉蜜茶饮品500ml"
"1280180","10","烟酒纯鲜奶","12","酒","8","礼盒酒","2","礼盒装普通白酒","统一","统一冰红茶柠檬味红茶饮料250ml"
"1280182","10","烟酒纯鲜奶","12","烟","8","香烟","3","杭产烟","统一","统一绿茶茉莉花味绿茶饮料2L"
"1280188","10","烟酒纯鲜奶","12","饮料","5","果汁饮料","13","柠檬饮料","天喔茶庄","天喔茶庄酸梅汤风味饮品500ml"
"1280192","10","烟酒纯鲜奶","12","烟","8","香烟","3","杭产烟","康师傅","康师傅乌龙茗茶调味茶饮品500ml"
"1280193","10","烟酒纯鲜奶","12","烟","8","香烟","3","杭产烟","康师傅","康师傅铁观音茶低糖调味茶饮品500ml"
"1280202","10","烟酒纯鲜奶","12","酒","8","礼盒酒","7","礼盒果酒","加多宝","加多宝凉茶6罐装310ml*6"
"1280203","10","烟酒纯鲜奶","12","酒","8","礼盒酒","7","礼盒果酒","加多宝","加多宝凉茶12罐装310ml*12"
"1280204","10","烟酒纯鲜奶","12","烟","8","香烟","4","省外烟","天喔茶庄","天喔茶庄蜂蜜柚子茶果味茶饮料500ml"
"1280207","10","烟酒纯鲜奶","12","酒","8","礼盒酒","6","礼盒装进口酒","统一","统一奶茶阿萨姆奶茶饮料500ml"
"1280225","10","烟酒纯鲜奶","12","酒","8","礼盒酒","6","礼盒装进口酒","麒麟","麒麟午后红茶奶味茶饮料1.5L"
"1280243","10","烟酒纯鲜奶","12","酒","8","礼盒酒","2","礼盒装普通白酒","娃哈哈","娃哈哈蓝莓冰红茶果汁茶饮料500ml"
"1280262","10","烟酒纯鲜奶","12","烟","8","香烟","3","杭产烟","康师傅","康师傅冰绿茶柠檬口味茶饮品1L"
"1280264","10","烟酒纯鲜奶","12","烟","8","香烟","4","省外烟","康师傅","康师傅茉莉清茶饮品(淡雅低糖)1L"
"1280268","10","烟酒纯鲜奶","12","酒","8","礼盒酒","6","礼盒装进口酒","麒麟","麒麟午后红茶蜜瓜味奶饮料500ml"
"1280271","10","烟酒纯鲜奶","12","酒","8","礼盒酒","2","礼盒装普通白酒","康师傅","康师傅冰红茶柠檬口味茶饮品500ml*4瓶"
"1280272","10","烟酒纯鲜奶","12","酒","8","礼盒酒","7","礼盒果酒","顺牌","顺牌凉茶310ml"
"1280289","10","烟酒纯鲜奶","12","烟","8","香烟","4","省外烟","康师傅","康师傅茉莉蜜茶饮品1L"
"1280290","10","烟酒纯鲜奶","12","酒","8","礼盒酒","7","礼盒果酒","加多宝","加多宝凉茶植物饮料500ml"
"1280291","10","烟酒纯鲜奶","12","酒","8","礼盒酒","7","礼盒果酒","加多宝","加多宝凉茶(植物饮料)310ml*24"
"1280292","10","烟酒纯鲜奶","12","酒","8","礼盒酒","6","礼盒装进口酒","统一","统一伯爵奶茶饮料500ml"
"1280293","10","烟酒纯鲜奶","12","烟","8","香烟","3","杭产烟","爽健美茶","爽健美茶复合茶饮料480ml"
"1280294","10","烟酒纯鲜奶","12","酒","8","礼盒酒","6","礼盒装进口酒","康师傅","康师傅经典奶茶炼乳味500ml"
"1280295","10","烟酒纯鲜奶","12","酒","8","礼盒酒","6","礼盒装进口酒","康师傅","康师傅经典奶茶香浓味500ml"
"1280296","10","烟酒纯鲜奶","12","烟","8","香烟","3","杭产烟","康师傅","康师傅龙井怡茶调味茶饮品500ml"
"1280297","10","烟酒纯鲜奶","12","烟","8","香烟","3","杭产烟","原叶","原叶翠缕绿茶低糖调味茶饮料480ml"
"1280298","10","烟酒纯鲜奶","12","酒","8","礼盒酒","7","礼盒果酒","王老吉","王老吉凉茶植物饮料利乐包250ml六联装"
"1280300","10","烟酒纯鲜奶","12","酒","8","礼盒酒","2","礼盒装普通白酒","麒麟","麒麟午后原味红茶500ml"
"1280301","10","烟酒纯鲜奶","12","酒","8","礼盒酒","7","礼盒果酒","王老吉","王老吉凉茶植物饮料310ml"
"1280302","10","烟酒纯鲜奶","12","酒","8","礼盒酒","5","礼盒装滋补酒","康师傅","康师傅蜂蜜柚子水果饮品500ml"
"1280303","10","烟酒纯鲜奶","12","酒","8","礼盒酒","6","礼盒装进口酒","康师傅","康师傅经典奶茶饮品炼乳味500ml*3"
"1280304","10","烟酒纯鲜奶","12","酒","8","礼盒酒","7","礼盒果酒","王老吉","王老吉凉茶植物饮料500ml"
"1280305","10","烟酒纯鲜奶","12","酒","8","礼盒酒","7","礼盒果酒","王老吉","王老吉凉茶植物饮料310ml*12罐装"
"1280306","10","烟酒纯鲜奶","12","烟","4","香烟","1","进口烟","原叶","原叶滇红红茶低糖茶饮料480ml"
"1280308","10","烟酒纯鲜奶","11","烟","6","香烟","1","进口烟","原叶","原叶清香茉莉低糖茶饮料480ml"
"1280309","10","烟酒纯鲜奶","12","酒","8","礼盒酒","6","礼盒装进口酒","立顿","立顿醇香经典英式奶茶饮料450ml"
"1280310","10","烟酒纯鲜奶","12","烟","8","香烟","3","杭产烟","统一","统一绿茶低糖茉莉花味茶饮料1L"
"1280312","10","烟酒纯鲜奶","12","酒","8","礼盒酒","2","礼盒装普通白酒","统一","统一冰红茶柠檬味调味茶饮料1L"
"1280313","10","烟酒纯鲜奶","12","酒","8","礼盒酒","7","礼盒果酒","王老吉","王老吉无糖凉茶植物饮料310ml"
"1280314","10","烟酒纯鲜奶","12","酒","8","礼盒酒","7","礼盒果酒","加多宝","加多宝凉茶植物饮料250ml"
"1310090","20","烟酒纯鲜奶","21","酒","1","礼盒酒","2","礼盒装普通白酒","万基","万基洋参胶囊0.5g*12粒*12盒"
"1310095","20","烟酒纯鲜奶","21","烟","1","香烟","3","杭产烟","万基","万基洋参含片0.6g*12片*12盒"
"1310110","20","烟酒纯鲜奶","21","酒","1","礼盒酒","2","礼盒装普通白酒","金日","金日美国洋参胶囊简装12盒*12粒*0.5克"
"1310142","20","烟酒纯鲜奶","21","烟","1","香烟","3","杭产烟","金日","金日美国洋参含片12盒*12片*0.6克"
"1310154","20","烟酒纯鲜奶","21","酒","1","礼盒酒","2","礼盒装普通白酒","金日","金日美国洋参胶囊金装12盒*12粒*0.5克"
"1310219","20","烟酒纯鲜奶","21","烟","6","香烟","1","进口烟","养生堂","养生堂龟鳖丸大礼盒0.5克*12粒*4"
"1310462","20","烟酒纯鲜奶","23","酒","5","礼盒酒","2","礼盒装普通白酒","青春宝","青春宝抗衰老片简装80片*6瓶"
"1310469","20","烟酒纯鲜奶","23","酒","5","礼盒酒","2","礼盒装普通白酒","立钻","立钻铁皮枫斗胶囊礼盒0.3g*10粒*4盒"
"1310538","20","烟酒纯鲜奶","21","烟","1","香烟","1","进口烟","金日","金日洋参胶囊开窗10盒*12*0.5"
"1310552","20","烟酒纯鲜奶","21","烟","6","香烟","1","进口烟","养生堂","养生堂龟鳖丸礼装6盒*12粒"
"1310592","20","烟酒纯鲜奶","21","烟","6","香烟","1","进口烟","华信","华信富硒康口服液礼品装250ml*2"
"1310600","20","烟酒纯鲜奶","23","酒","5","礼盒酒","2","礼盒装普通白酒","青春宝","青春宝抗衰老片大礼盒80片*5瓶"
"1310616","20","烟酒纯鲜奶","21","酒","6","礼盒酒","6","礼盒装进口酒","艾兰得","艾兰得VC含片无糖型草莓味0.65g*10片装"
"1310719","10","烟酒纯鲜奶","13","酒","1","礼盒酒","2","礼盒装普通白酒","娃哈哈","娃哈哈乳娃娃多维营养酸奶饮品100ml*5"
"1310737","20","烟酒纯鲜奶","22","酒","6","礼盒酒","2","礼盒装普通白酒","太子乐","太子乐婴儿奶粉1段400g"
"1310755","10","烟酒纯鲜奶","13","酒","2","礼盒酒","5","礼盒装滋补酒","蒙牛","蒙牛酸酸乳蓝莓味乳饮料250ml"
"1310756","10","烟酒纯鲜奶","13","酒","2","礼盒酒","5","礼盒装滋补酒","蒙牛","蒙牛酸酸乳芒果味乳饮料250ml"
"1310757","10","烟酒纯鲜奶","13","酒","2","礼盒酒","5","礼盒装滋补酒","蒙牛","蒙牛酸酸乳草莓味乳饮料250ml"
"1310759","10","烟酒纯鲜奶","13","酒","1","礼盒酒","5","礼盒装滋补酒","娃哈哈","娃哈哈营养快线牛奶果昔饮品菠萝味500ml"
"1310760","10","烟酒纯鲜奶","13","酒","1","礼盒酒","5","礼盒装滋补酒","娃哈哈","娃哈哈营养快线牛奶果昔饮品原味500ml"
"1310782","10","烟酒纯鲜奶","13","酒","1","礼盒酒","5","礼盒装滋补酒","娃哈哈","娃哈哈营养快线牛奶果昔饮品原味280ml"
"1310783","10","烟酒纯鲜奶","13","酒","1","礼盒酒","5","礼盒装滋补酒","娃哈哈","娃哈哈营养快线牛奶果昔饮品菠萝味280ml"
"1310829","10","烟酒纯鲜奶","13","酒","2","葡萄酒、果酒、香槟酒","8","香槟酒","蒙牛","蒙牛妙妙儿童营养乳酸饮品180ml*4"
"1310837","10","烟酒纯鲜奶","13","酒","1","礼盒酒","5","礼盒装滋补酒","娃哈哈","娃哈哈爽歪歪益生菌酸奶饮品125ml*4"
"1310838","10","烟酒纯鲜奶","13","酒","1","礼盒酒","5","礼盒装滋补酒","娃哈哈","娃哈哈爽歪歪益生菌酸奶饮品200ml*4"
"1310852","10","烟酒纯鲜奶","13","酒","1","礼盒酒","5","礼盒装滋补酒","娃哈哈","娃哈哈营养快线香草淇淋味500ml"
"1310859","10","烟酒纯鲜奶","13","酒","1","礼盒酒","5","礼盒装滋补酒","娃哈哈","娃哈哈营养快线果汁牛奶饮品原味1.5L"
"1310860","10","烟酒纯鲜奶","13","酒","1","礼盒酒","5","礼盒装滋补酒","娃哈哈","娃哈哈营养快线果汁牛奶饮品菠萝味1.5L"
"1310861","10","烟酒纯鲜奶","13","酒","2","葡萄酒、果酒、香槟酒","8","香槟酒","蒙牛","蒙牛妙妙儿童营养乳酸饮品125ml*4"
"1310868","10","烟酒纯鲜奶","13","酒","1","礼盒酒","5","礼盒装滋补酒","银鹭","银鹭花生牛奶蛋白饮料500ml"
"1310869","10","烟酒纯鲜奶","13","烟","1","香烟","4","省外烟","维他奶","维他奶原味豆奶饮料250ml"
"1310870","10","烟酒纯鲜奶","13","烟","1","香烟","4","省外烟","维他奶","维他奶巧克力豆奶饮料250ml"
"1310871","10","烟酒纯鲜奶","13","烟","1","香烟","4","省外烟","维他奶","维他奶原味豆奶饮料1L"
"1310872","10","烟酒纯鲜奶","13","酒","2","葡萄酒、果酒、香槟酒","8","香槟酒","伊利","伊利QQ星儿童成长牛奶益智型190ml*15"
"1310873","10","烟酒纯鲜奶","13","酒","2","葡萄酒、果酒、香槟酒","8","香槟酒","伊利","伊利QQ星儿童成长牛奶健骨型190ml*15"
"1310880","10","烟酒纯鲜奶","13","烟","1","香烟","4","省外烟","维他奶","维他奶黑豆奶250ml"
"1310884","10","烟酒纯鲜奶","13","酒","1","礼盒酒","5","礼盒装滋补酒","美汁源","美汁源果粒奶优饮料香浓芒果味450ml"
"1310885","10","烟酒纯鲜奶","13","酒","1","礼盒酒","5","礼盒装滋补酒","美汁源","美汁源果粒奶优饮料水润蜜桃味450ml"
"1310886","10","烟酒纯鲜奶","13","酒","1","礼盒酒","5","礼盒装滋补酒","美汁源","美汁源果粒奶优饮料清香菠萝味450ml"
"1310887","10","烟酒纯鲜奶","13","烟","1","香烟","4","省外烟","阿华田","阿华田营养麦芽含乳饮品(可可味)250ml"
"1310888","10","烟酒纯鲜奶","13","烟","1","香烟","4","省外烟","阿华田","阿华田营养麦芽含乳饮品(高钙)250ml"
"1310891","10","烟酒纯鲜奶","13","酒","1","礼盒酒","5","礼盒装滋补酒","银鹭","银鹭花生牛奶复合蛋白饮料1.5L"
"1310894","10","烟酒纯鲜奶","13","酒","1","礼盒酒","5","礼盒装滋补酒","娃哈哈","娃哈哈营养快线果汁酸奶饮品椰子味500ml"
"1310895","10","烟酒纯鲜奶","13","酒","1","礼盒酒","5","礼盒装滋补酒","娃哈哈","娃哈哈营养快线果汁酸奶饮品椰子味350ml"
"1310908","10","烟酒纯鲜奶","13","酒","1","礼盒酒","5","礼盒装滋补酒","美汁源","美汁源果粒奶优饮料清新草莓味450ml"
"1310913","10","烟酒纯鲜奶","13","烟","1","香烟","4","省外烟","维他奶","维他奶特浓醇味豆奶125ml*4"
"1310919","10","烟酒纯鲜奶","13","酒","1","礼盒酒","5","礼盒装滋补酒","旺旺","旺旺乳酸菌饮品125ml*4"
"1310925","10","烟酒纯鲜奶","13","酒","1","礼盒酒","5","礼盒装滋补酒","娃哈哈","娃哈哈锌爽歪歪营养酸奶饮品125g*4"
"1310926","10","烟酒纯鲜奶","13","酒","1","礼盒酒","5","礼盒装滋补酒","娃哈哈","娃哈哈锌爽歪歪营养酸奶饮品200g*4"
"1310927","10","烟酒纯鲜奶","13","酒","1","礼盒酒","5","礼盒装滋补酒","娃哈哈","娃哈哈花生牛奶蛋白饮品500ml"
"1310931","10","烟酒纯鲜奶","13","烟","1","香烟","1","进口烟","均瑶味动力","均瑶味动力发酵型乳酸菌饮品原味338ml"
"1310932","10","烟酒纯鲜奶","13","烟","1","香烟","1","进口烟","均瑶味动力","均瑶味动力发酵型乳酸菌饮品原味100ml*5"
"1310933","10","烟酒纯鲜奶","13","酒","1","礼盒酒","5","礼盒装滋补酒","养元","养元木糖醇六个核桃核桃乳240ml"
"1310934","10","烟酒纯鲜奶","13","酒","1","礼盒酒","5","礼盒装滋补酒","养元","养元六个核桃核桃乳香纯型240ml"
"1310935","10","烟酒纯鲜奶","13","酒","1","礼盒酒","5","礼盒装滋补酒","养元","养元六个核桃核桃乳精品型240ml"
"1310936","10","烟酒纯鲜奶","13","酒","1","礼盒酒","5","礼盒装滋补酒","银鹭","银鹭红枣花生牛奶蛋白饮料500ml"
"1310937","10","烟酒纯鲜奶","13","烟","1","香烟","4","省外烟","祖名","祖名红豆豆乳250ml"
"1310938","10","烟酒纯鲜奶","13","烟","1","香烟","4","省外烟","祖名","祖名黑豆豆乳250ml"
"1310939","10","烟酒纯鲜奶","13","烟","1","香烟","4","省外烟","祖名","祖名为晨而生调制豆乳250ml"
"1310940","10","烟酒纯鲜奶","13","烟","1","香烟","4","省外烟","祖名","祖名为晨而生低糖豆乳250ml"
"1310941","10","烟酒纯鲜奶","13","烟","1","香烟","4","省外烟","祖名","祖名玫瑰红枣豆乳250ml"
"1310942","10","烟酒纯鲜奶","13","烟","1","香烟","4","省外烟","祖名","祖名可可豆乳250ml"
"1310943","10","烟酒纯鲜奶","13","酒","1","礼盒酒","5","礼盒装滋补酒","露露","露露核桃露植物蛋白饮料原味240ml"
"1310944","10","烟酒纯鲜奶","13","酒","1","礼盒酒","5","礼盒装滋补酒","娃哈哈","娃哈哈五谷牛奶复合蛋白饮品500g"
"1310945","10","烟酒纯鲜奶","13","酒","1","礼盒酒","5","礼盒装滋补酒","娃哈哈","娃哈哈燕麦牛奶复合蛋白饮品500g"
"1320004","20","烟酒纯鲜奶","22","酒","1","礼盒酒","6","礼盒装进口酒","立顿","立顿红茶2g*25包"
"1320005","20","烟酒纯鲜奶","22","酒","1","礼盒酒","6","礼盒装进口酒","立顿","立顿红茶2g*100包"
"1320063","20","烟酒纯鲜奶","22","酒","1","礼盒酒","7","礼盒果酒","更娇丽","更娇丽减肥茶(盒)1.4g*20包"
"1320064","20","烟酒纯鲜奶","22","酒","1","礼盒酒","7","礼盒果酒","更娇丽","更娇丽减肥茶(听)80克"
"1320070","20","烟酒纯鲜奶","22","酒","1","礼盒酒","7","礼盒果酒","大印象","大印象减肥茶(盒)1.4克*20包"
"1320071","20","烟酒纯鲜奶","22","酒","1","礼盒酒","7","礼盒果酒","大印象","大印象减肥茶(罐)80克"
"1320153","10","烟酒纯鲜奶","13","酒","2","礼盒酒","5","礼盒装滋补酒","伊利","伊利优酸乳乳饮料AD钙250ml"
"1320154","10","烟酒纯鲜奶","13","酒","2","礼盒酒","6","礼盒装进口酒","伊利","伊利高钙低脂奶250ml"
"1320172","10","烟酒纯鲜奶","13","酒","2","礼盒酒","6","礼盒装进口酒","蒙牛","蒙牛高钙牛奶250ml"
"1320193","10","烟酒纯鲜奶","13","酒","2","礼盒酒","5","礼盒装滋补酒","光明","光明草莓味酸牛奶饮品190ml"
"1320194","10","烟酒纯鲜奶","13","酒","2","礼盒酒","5","礼盒装滋补酒","光明","光明原味酸牛奶饮品190ml"
"1320199","10","烟酒纯鲜奶","13","酒","2","礼盒酒","6","礼盒装进口酒","伊利","伊利高钙奶250ml"
"1320203","10","烟酒纯鲜奶","13","烟","2","香烟","4","省外烟","伊利","伊利甜味牛奶饮品250ml"
"1320205","10","烟酒纯鲜奶","13","酒","2","礼盒酒","7","礼盒果酒","伊利","伊利巧克力味牛奶饮品250ml"
"1320219","10","烟酒纯鲜奶","13","烟","2","香烟","3","杭产烟","蒙牛","蒙牛纯牛奶1L"
"1320220","10","烟酒纯鲜奶","13","酒","2","礼盒酒","5","礼盒装滋补酒","蒙牛","蒙牛酸酸乳乳饮料(原味)250ml"
"1320241","10","烟酒纯鲜奶","13","酒","2","礼盒酒","6","礼盒装进口酒","旺仔","旺仔牛奶复原乳245ml"
"1320242","10","烟酒纯鲜奶","13","酒","2","礼盒酒","6","礼盒装进口酒","旺仔","旺仔牛奶灭菌调味牛乳145ml"
"1320243","10","烟酒纯鲜奶","13","酒","2","礼盒酒","6","礼盒装进口酒","旺仔","旺仔牛奶含乳饮料礼盒245ml*12"
"1320249","10","烟酒纯鲜奶","13","酒","2","礼盒酒","5","礼盒装滋补酒","伊利","伊利优酸乳乳饮料（草莓味）250ml"
"1320250","10","烟酒纯鲜奶","13","酒","2","礼盒酒","5","礼盒装滋补酒","伊利","伊利优酸乳乳饮料（蓝莓味）250ml"
"1320265","10","烟酒纯鲜奶","13","酒","2","礼盒酒","6","礼盒装进口酒","旺仔","旺仔牛奶灭菌调味牛乳125ml*4"
"1320266","10","烟酒纯鲜奶","13","酒","2","礼盒酒","6","礼盒装进口酒","蒙牛","蒙牛高钙低脂牛奶250ml"
"1320267","10","烟酒纯鲜奶","13","酒","2","礼盒酒","7","礼盒果酒","蒙牛","蒙牛早餐奶原麦味250ml"
"1320321","10","烟酒纯鲜奶","13","酒","2","礼盒酒","7","礼盒果酒","伊利","伊利早餐奶麦香味250ml"
"1320326","10","烟酒纯鲜奶","13","酒","2","礼盒酒","7","礼盒果酒","蒙牛","蒙牛早餐奶（核桃）250ml"
"1320347","10","烟酒纯鲜奶","13","酒","2","葡萄酒、果酒、香槟酒","8","香槟酒","蒙牛","蒙牛未来星儿童健骨成长牛奶125ml*4"
"1320350","10","烟酒纯鲜奶","13","酒","2","葡萄酒、果酒、香槟酒","8","香槟酒","蒙牛","蒙牛未来星智慧牛奶原味125ml*4"
"1320354","10","烟酒纯鲜奶","13","酒","2","礼盒酒","5","礼盒装滋补酒","蒙牛","蒙牛酸酸乳(AD钙)乳饮料250ml"
"1320356","10","烟酒纯鲜奶","13","酒","2","礼盒酒","7","礼盒果酒","伊利","伊利QQ星儿童草莓味乳饮品125ml*4"
"1320375","10","烟酒纯鲜奶","13","酒","2","礼盒酒","6","礼盒装进口酒","蒙牛","蒙牛特仑苏纯牛奶250ml*12"
"1320382","10","烟酒纯鲜奶","13","烟","2","香烟","1","进口烟","伊利","伊利金典纯牛奶250ml"
"1320391","10","烟酒纯鲜奶","13","酒","2","礼盒酒","6","礼盒装进口酒","伊利","伊利营养舒化奶低乳糖低脂型250ml*12"
"1320392","10","烟酒纯鲜奶","13","酒","2","礼盒酒","6","礼盒装进口酒","伊利","伊利营养舒化奶低乳糖全脂型250ml*12"
"1320397","10","烟酒纯鲜奶","13","酒","2","礼盒酒","6","礼盒装进口酒","蒙牛","蒙牛特仑苏低脂奶250ml*12"
"1320399","10","烟酒纯鲜奶","13","酒","2","礼盒酒","5","礼盒装滋补酒","伊利","伊利果之优酸乳(酸爽原味)245ml*12"
"1320400","10","烟酒纯鲜奶","13","酒","2","礼盒酒","5","礼盒装滋补酒","伊利","伊利果之优酸乳(甜蜜草莓)245ml*12"
"1320402","10","烟酒纯鲜奶","13","酒","2","葡萄酒、果酒、香槟酒","8","香槟酒","蒙牛未来星","蒙牛未来星儿童牛奶智慧型190ml*15"
"1320406","10","烟酒纯鲜奶","13","酒","2","礼盒酒","6","礼盒装进口酒","旺仔","旺仔牛奶复原乳家庭号礼盒125ml*20"
"1320410","10","烟酒纯鲜奶","13","酒","2","葡萄酒、果酒、香槟酒","8","香槟酒","伊利","伊利QQ星儿童草莓味乳饮品100ml*5"
"1320411","10","烟酒纯鲜奶","13","酒","2","礼盒酒","7","礼盒果酒","蒙牛","蒙牛真果粒牛奶饮品(草莓果粒)250ml"
"1320412","10","烟酒纯鲜奶","13","酒","2","礼盒酒","7","礼盒果酒","蒙牛","蒙牛真果粒牛奶饮品(桃果粒)250ml"
"1320413","10","烟酒纯鲜奶","13","酒","2","礼盒酒","7","礼盒果酒","蒙牛","蒙牛真果粒牛奶饮品(椰果果粒)250ml"
"1320415","10","烟酒纯鲜奶","13","酒","2","礼盒酒","6","礼盒装进口酒","蒙牛","蒙牛特仑苏有机奶250ml*12"
"1320416","10","烟酒纯鲜奶","13","酒","2","葡萄酒、果酒、香槟酒","8","香槟酒","蒙牛","蒙牛未来星儿童健骨成长牛奶190ml*15"
"1320418","10","烟酒纯鲜奶","13","烟","2","香烟","4","省外烟","蒙牛","蒙牛新养道低乳糖牛奶250ml"
"1320424","10","烟酒纯鲜奶","13","酒","2","礼盒酒","7","礼盒果酒","银鹭","银鹭花生牛奶蛋白饮料250ml"
"1320426","10","烟酒纯鲜奶","13","酒","2","葡萄酒、果酒、香槟酒","8","香槟酒","蒙牛","蒙牛妙妙草莓乳酸饮品180ml*4"
"1320427","10","烟酒纯鲜奶","13","酒","2","葡萄酒、果酒、香槟酒","8","香槟酒","蒙牛","蒙牛妙妙草莓乳酸饮品125ml*4"
"1320432","10","烟酒纯鲜奶","13","酒","2","礼盒酒","5","礼盒装滋补酒","蒙牛","蒙牛果蔬酸酸乳猕猴桃味饮品250ml"
"1320433","10","烟酒纯鲜奶","13","酒","2","礼盒酒","5","礼盒装滋补酒","蒙牛","蒙牛果蔬酸酸乳草莓味饮品250ml"
"1320440","10","烟酒纯鲜奶","13","酒","2","葡萄酒、果酒、香槟酒","8","香槟酒","均瑶","均瑶妙卡益生菌酸奶饮品原味200ml*4"
"1320443","10","烟酒纯鲜奶","13","酒","2","葡萄酒、果酒、香槟酒","8","香槟酒","伊利","伊利QQ星儿童成长牛奶(益智型)125ml*4"
"1320444","10","烟酒纯鲜奶","13","酒","2","葡萄酒、果酒、香槟酒","8","香槟酒","伊利","伊利QQ星儿童成长牛奶(健骨型)125ml*4"
"1320460","10","烟酒纯鲜奶","13","酒","2","礼盒酒","6","礼盒装进口酒","伊利","伊利营养舒化奶低乳糖CBP型250ml"
"1320461","10","烟酒纯鲜奶","13","酒","2","礼盒酒","7","礼盒果酒","伊利","伊利谷粒多牛奶饮品(红)250ml"
"1320462","10","烟酒纯鲜奶","13","酒","2","礼盒酒","7","礼盒果酒","伊利","伊利谷粒多牛奶饮品（黑）250ml"
"1320469","10","烟酒纯鲜奶","13","烟","2","香烟","1","进口烟","蒙牛","蒙牛妙妙果蔬乳味饮品(草莓味)125ml*4"
"1320470","10","烟酒纯鲜奶","13","烟","2","香烟","1","进口烟","蒙牛","蒙牛妙妙果蔬乳味饮品(菠萝味)125ml*4"
"1320471","10","烟酒纯鲜奶","13","酒","2","葡萄酒、果酒、香槟酒","8","香槟酒","蒙牛","蒙牛未来星儿童肠胃成长牛奶125ml*4"
"1320472","10","烟酒纯鲜奶","13","酒","2","葡萄酒、果酒、香槟酒","8","香槟酒","蒙牛","蒙牛未来星儿童肠胃成长牛奶190ml*15"
"1320480","10","烟酒纯鲜奶","13","酒","2","礼盒酒","5","礼盒装滋补酒","伊利","伊利果之优酸乳(香郁蓝莓)245ml"
"1320482","10","烟酒纯鲜奶","13","酒","2","礼盒酒","6","礼盒装进口酒","伊利","伊利营养舒化奶低乳糖蛋白型250ml"
"1320484","10","烟酒纯鲜奶","13","酒","2","葡萄酒、果酒、香槟酒","8","香槟酒","伊利","伊利QQ星儿童成长牛奶均衡型190ml"
"1320486","10","烟酒纯鲜奶","13","烟","2","香烟","1","进口烟","伊利","伊利金典有机奶250ml*12"
"1320488","10","烟酒纯鲜奶","13","酒","2","葡萄酒、果酒、香槟酒","8","香槟酒","伊利","伊利QQ星儿童成长牛奶均衡型125ml*4"
"1320489","10","烟酒纯鲜奶","13","烟","2","香烟","4","省外烟","蒙牛","蒙牛新养道珍养牛奶250ml"
"1320490","10","烟酒纯鲜奶","13","酒","2","礼盒酒","7","礼盒果酒","蒙牛","蒙牛五谷牛奶饮品(红)250ml"
"1320491","10","烟酒纯鲜奶","13","酒","2","礼盒酒","7","礼盒果酒","蒙牛","蒙牛五谷牛奶饮品(黑)250ml"
"1320496","10","烟酒纯鲜奶","13","酒","2","葡萄酒、果酒、香槟酒","8","香槟酒","蒙牛","蒙牛现代牧场纯牛奶250ml"
"1320497","10","烟酒纯鲜奶","13","酒","2","葡萄酒、果酒、香槟酒","8","香槟酒","蒙牛","蒙牛未来星小小儿童成长牛奶190ml*12"
"1320498","10","烟酒纯鲜奶","13","酒","2","葡萄酒、果酒、香槟酒","8","香槟酒","蒙牛","蒙牛未来星小小儿童成长牛奶125ml*4"
"1320499","10","烟酒纯鲜奶","13","酒","2","礼盒酒","7","礼盒果酒","伊利","伊利草莓果粒优酸乳酸奶饮品245g"
"1320500","10","烟酒纯鲜奶","13","酒","2","礼盒酒","7","礼盒果酒","伊利","伊利芒果果粒优酸乳酸奶饮品245g"
"1320501","10","烟酒纯鲜奶","13","酒","2","礼盒酒","7","礼盒果酒","伊利","伊利椰果果粒优酸乳酸奶饮品245g"
"1320502","10","烟酒纯鲜奶","13","酒","2","礼盒酒","7","礼盒果酒","伊利","伊利果之优酸乳饮品酸爽原味450ml"
"1320503","10","烟酒纯鲜奶","13","酒","2","礼盒酒","7","礼盒果酒","伊利","伊利果之优酸乳浆甜草莓饮品450ml"
"1320505","10","烟酒纯鲜奶","13","烟","2","香烟","4","省外烟","伊利","伊利谷粒多燕麦牛奶蛋白饮品450ml"
"1320506","10","烟酒纯鲜奶","13","烟","2","香烟","4","省外烟","伊利","伊利谷粒多花生牛奶蛋白饮品450ml"
"1320508","10","烟酒纯鲜奶","13","酒","2","礼盒酒","7","礼盒果酒","蒙牛","蒙牛奶特香草口味牛奶243ml"
"1320515","10","烟酒纯鲜奶","13","酒","2","礼盒酒","6","礼盒装进口酒","圣牧","圣牧全程有机奶250ml*12包"
"1320517","10","烟酒纯鲜奶","13","酒","2","礼盒酒","6","礼盒装进口酒","养元","养元六个核桃核桃乳(磷脂佳)240ml"
"1320519","10","烟酒纯鲜奶","13","酒","2","礼盒酒","6","礼盒装进口酒","蒙牛","蒙牛焕轻舒活牛奶250ml*12包"
"1320525","10","烟酒纯鲜奶","13","酒","2","礼盒酒","7","礼盒果酒","伊利","伊利味可滋丝滑巧克力奶昔240ml"
"1320526","10","烟酒纯鲜奶","13","酒","2","礼盒酒","7","礼盒果酒","伊利","伊利味可滋浓郁木瓜奶昔240ml"
"1320529","10","烟酒纯鲜奶","11","酒","6","礼盒酒","2","礼盒装普通白酒","伊利","伊利谷粒多谷物牛奶饮品(黑)330ml"
"1320530","10","烟酒纯鲜奶","13","酒","2","礼盒酒","7","礼盒果酒","伊利","伊利谷粒多谷物牛奶饮品(红)330ml"
"1320532","10","烟酒纯鲜奶","13","酒","2","葡萄酒、果酒、香槟酒","8","香槟酒","伊利QQ星","伊利QQ星营养果汁酸奶饮品香蕉味200ml*4"
"1320533","10","烟酒纯鲜奶","13","酒","2","葡萄酒、果酒、香槟酒","8","香槟酒","伊利QQ星","伊利QQ星营养果汁酸奶饮品草莓味200ml*4"
"1320534","10","烟酒纯鲜奶","13","酒","2","葡萄酒、果酒、香槟酒","8","香槟酒","圣牧","圣牧有机儿童牛奶190ml*12包"
"1320536","10","烟酒纯鲜奶","13","酒","2","葡萄酒、果酒、香槟酒","8","香槟酒","伊利","伊利QQ星健护儿童成长牛奶125ml*4"
"1320537","10","烟酒纯鲜奶","13","酒","2","葡萄酒、果酒、香槟酒","8","香槟酒","伊利","伊利QQ星健护儿童成长牛奶190ml"
"1330028","20","烟酒纯鲜奶","22","酒","2","礼盒酒","6","礼盒装进口酒","雀巢","雀巢伴侣100克"
"1330045","20","烟酒纯鲜奶","22","酒","2","礼盒酒","2","礼盒装普通白酒","雀巢","雀巢50克咖啡钻石杯"
"1330048","20","烟酒纯鲜奶","22","酒","2","礼盒酒","2","礼盒装普通白酒","雀巢","雀巢咖啡100克"
"1330068","20","烟酒纯鲜奶","22","酒","2","礼盒酒","2","礼盒装普通白酒","雀巢","雀巢咖啡瓶装200g"
"1330069","20","烟酒纯鲜奶","22","酒","2","礼盒酒","6","礼盒装进口酒","雀巢","雀巢咖啡伴侣瓶装200g"
"1330070","20","烟酒纯鲜奶","22","酒","2","礼盒酒","6","礼盒装进口酒","雀巢","雀巢咖啡伴侣瓶装400g"
